COVINGTON CHAMBER OF COMMERCE — MEMBER DIRECTORY
Scraped: February 23, 2026
Total Members: 140 | Business Categories: 35
================================================================================


━━━━━━━━━━━━━━━━━━━━━━━━━━━━━━━━━━━━━━━━━━━━━━━━━━━━━━━━━━━━━━━━━━━━━━━━━━━━━━━━
  ADVERTISING, MARKETING AND MEDIA (2)
━━━━━━━━━━━━━━━━━━━━━━━━━━━━━━━━━━━━━━━━━━━━━━━━━━━━━━━━━━━━━━━━━━━━━━━━━━━━━━━━

  Covington Reporter
    Address:  909 South 336th St, #105, Federal Way, WA, 98003
    Phone:    (253) 336-5362
    Email:    shane.gillispie@federalwaymirror.com
    Website:  www.covingtonreporter.com
    Contact:  Shane Gillispie

  Pooja Anoop Photography
    Address:  22643 SE 275st Pl, Maple Valley, WA, 98038
    Phone:    (702) 701-0403
    Email:    pooja@pooja-anoop.com
    Website:  https://pooja-anoop.com/
    Contact:  Pooja Anoop


━━━━━━━━━━━━━━━━━━━━━━━━━━━━━━━━━━━━━━━━━━━━━━━━━━━━━━━━━━━━━━━━━━━━━━━━━━━━━━━━
  ARTS, CULTURE AND ENTERTAINMENT (3)
━━━━━━━━━━━━━━━━━━━━━━━━━━━━━━━━━━━━━━━━━━━━━━━━━━━━━━━━━━━━━━━━━━━━━━━━━━━━━━━━

  Emerald Theatre
    Address:  29833 224th Avenue SE, Black Diamond, WA, 98010
    Phone:    (206) 406-7368
    Email:    info@emeraldtheatre.org
    Website:  www.emeraldtheatre.org
    Contact:  Earlene DeLeon

  EmpowerMe Arts
    Address:  26837 Maple Valley-Black Diamond Road, Maple Valley, WA, 98038
    Phone:    (425) 970-5571
    Email:    admin@empowermearts.com
    Website:  https://www.empowermearts.com/
    Contact:  Sarah Jolk

  Ensemble Ballet Theatre
    Address:  27081 185th Avenue Southeast, Ste B101, Covington, WA, 98042
    Phone:    (425) 432-9858
    Email:    office@ebtballet.org
    Website:  https://ebtballet.org
    Contact:  McKenna Sevruk


━━━━━━━━━━━━━━━━━━━━━━━━━━━━━━━━━━━━━━━━━━━━━━━━━━━━━━━━━━━━━━━━━━━━━━━━━━━━━━━━
  ASSOCIATIONS, CLUBS AND MEMBERSHIP ORGANIZATIONS (1)
━━━━━━━━━━━━━━━━━━━━━━━━━━━━━━━━━━━━━━━━━━━━━━━━━━━━━━━━━━━━━━━━━━━━━━━━━━━━━━━━

  Rotary Club of Covington
    Address:  P. O. Box 8401, Covington, WA, 98042
    Phone:    (206) 852-9385
    Email:    covingtonrotaryclub@gmail.com
    Website:  https://covingtonrotary.org/
    Contact:  Patrick Rowe


━━━━━━━━━━━━━━━━━━━━━━━━━━━━━━━━━━━━━━━━━━━━━━━━━━━━━━━━━━━━━━━━━━━━━━━━━━━━━━━━
  ATTRACTIONS, TOURISM AND TRAVEL (1)
━━━━━━━━━━━━━━━━━━━━━━━━━━━━━━━━━━━━━━━━━━━━━━━━━━━━━━━━━━━━━━━━━━━━━━━━━━━━━━━━

  Above It All Travel
    Address:  Covington, WA, 98042
    Phone:    (253) 200-9788
    Email:    sconwell@dreamvacations.com
    Website:  www.aboveitalltravel.com
    Contact:  Sharen Conwell


━━━━━━━━━━━━━━━━━━━━━━━━━━━━━━━━━━━━━━━━━━━━━━━━━━━━━━━━━━━━━━━━━━━━━━━━━━━━━━━━
  AUTOMOTIVE PRODUCTS & SERVICES (2)
━━━━━━━━━━━━━━━━━━━━━━━━━━━━━━━━━━━━━━━━━━━━━━━━━━━━━━━━━━━━━━━━━━━━━━━━━━━━━━━━

  Les Schwab Tire Center
    Address:  17235 SE 272nd Street, Covington, WA, 98042
    Phone:    (253) 638-0940
    Email:    garret.w.melton@lesschwab.com
    Website:  https://www.lesschwab.com/stores/wa/covington/17235-se-272nd-st
    Contact:  Garret Metlon

  Valley Automotive Repair & Electric
    Address:  17621 SE 272nd Street, Covington, WA, 98042
    Phone:    (425) 310-4788
    Email:    bryan@valleyautoelectric.com
    Website:  https://valleyautoelectric.com/
    Contact:  Bryan Kelley


━━━━━━━━━━━━━━━━━━━━━━━━━━━━━━━━━━━━━━━━━━━━━━━━━━━━━━━━━━━━━━━━━━━━━━━━━━━━━━━━
  BANKS AND CREDIT UNIONS (3)
━━━━━━━━━━━━━━━━━━━━━━━━━━━━━━━━━━━━━━━━━━━━━━━━━━━━━━━━━━━━━━━━━━━━━━━━━━━━━━━━

  BECU Covington
    Address:  17307 SE 272nd St., Ste. 110, Covington, WA, 98042
    Phone:    (800) 223-2328
    Email:    teri.cox@becu.org
    Website:  https://www.becu.org/
    Contact:  Teri Weitz

  KeyBank, NA
    Address:  27205 172nd Avenue SE, Covington, WA, 98042
    Phone:    (253) 638-2786
    Email:    michael_s_jonasson@keybank.com
    Website:  https://www.key.com/locations/wa/covington/BRCH47310182/27205-172nd-ave-se
    Contact:  Michael Jonasson

  Red Canoe Credit Union
    Address:  27022 176th Place SE, Covington, WA, 98042
    Phone:    (800) 562-5611
    Email:    info@redcanoecu.com
    Website:  https://redcanoecu.com
    Contact:  Bridget O'Connor


━━━━━━━━━━━━━━━━━━━━━━━━━━━━━━━━━━━━━━━━━━━━━━━━━━━━━━━━━━━━━━━━━━━━━━━━━━━━━━━━
  BOOKKEEPING AND ACCOUNTING (2)
━━━━━━━━━━━━━━━━━━━━━━━━━━━━━━━━━━━━━━━━━━━━━━━━━━━━━━━━━━━━━━━━━━━━━━━━━━━━━━━━

  Humphrey Accounting & Tax
    Address:  32616 3rd Avenue, Black Diamond, WA, 98010
    Phone:    3604694170
    Email:    info@humphreyaccounting.com
    Website:  https://www.humphreyaccounting.com/
    Contact:  Erik Humphrey

  Schram & Associates
    Address:  15215 SE 272nd St., Ste. 204, Covington, WA, 98042
    Phone:    (253) 639-0494
    Email:    frances@schramandassociates.com
    Website:  https://www.schramandassociates.com/
    Contact:  Fran Schram


━━━━━━━━━━━━━━━━━━━━━━━━━━━━━━━━━━━━━━━━━━━━━━━━━━━━━━━━━━━━━━━━━━━━━━━━━━━━━━━━
  COACHING AND CONSULTING (4)
━━━━━━━━━━━━━━━━━━━━━━━━━━━━━━━━━━━━━━━━━━━━━━━━━━━━━━━━━━━━━━━━━━━━━━━━━━━━━━━━

  EDM Consulting LLC
    Address:  P. O. Box 9471, Covington, WA, 98042
    Phone:    (425) 243-2075
    Email:    erica@mybizplanner.com
    Website:  https://edmconsultingllc.com
    Contact:  Erica Miller

  Inside the Cubicle
    Address:  26411 202nd Court SouthEast, 26411 202nd Court Southeast, Covington, WA, 98042
    Phone:    (425) 686-8121
    Email:    hello@insidethecubicle.com
    Website:  https://insidethecubicle.com
    Contact:  Samantha Cook

  Prevail Executive Coaching, LLC
    Address:  P. O. Box 2038, Orting, WA, 98360
    Phone:    (253) 350-4493
    Email:    bdejong@prevailexecutivecoaching.com
    Website:  https://www.prevailexecutivecoaching.com/
    Contact:  Bruce deJong

  Small Business Development Center
    Address:  1221 D Street Northeast, Auburn, WA, 98002
    Phone:    (253) 520-6260
    Email:    kgrossman@greenriver.edu
    Website:  https://www.greenriver.edu/students/academics/continuing-community-education/small-business-center/index.html
    Contact:  Kevin Grossman


━━━━━━━━━━━━━━━━━━━━━━━━━━━━━━━━━━━━━━━━━━━━━━━━━━━━━━━━━━━━━━━━━━━━━━━━━━━━━━━━
  CONTRACTORS AND CONSTRUCTION (4)
━━━━━━━━━━━━━━━━━━━━━━━━━━━━━━━━━━━━━━━━━━━━━━━━━━━━━━━━━━━━━━━━━━━━━━━━━━━━━━━━

  Five Star Homes NW
    Address:  16249 Southeast 256th Street, Covington, WA, 98042
    Phone:    2813807726
    Email:    rick@fivestarhomesnw.com
    Website:  fivestarhomesnw.com
    Contact:  Rick Stegman

  The Beast Painter
    Address:  20405 SE 287th St, Kent, WA, 98042
    Phone:    (425) 956-4958
    Email:    thebeastpainter@gmail.com
    Website:  www.beastpainter.com
    Contact:  Jashua Martinez

  Vanhousing Painters LLC
    Address:  17146 Southeast 251st Street, Covington, WA, 98042
    Phone:    (425) 406-3656
    Email:    vanhousingpaintersoffice@gmail.com
    Website:  https://www.vanhousingpainters.com/
    Contact:  Vladimir Busuioc

  WS Drywall & Textures LLC
    Address:  26101 184th Avenue Southeast, COVINGTON, WA, 98042
    Phone:    (425) 282-8450
    Email:    wsdrywall1@gmail.com
    Website:  https://wsdrywall.com/
    Contact:  William Smith


━━━━━━━━━━━━━━━━━━━━━━━━━━━━━━━━━━━━━━━━━━━━━━━━━━━━━━━━━━━━━━━━━━━━━━━━━━━━━━━━
  DENTAL AND ORTHODONTICS (3)
━━━━━━━━━━━━━━━━━━━━━━━━━━━━━━━━━━━━━━━━━━━━━━━━━━━━━━━━━━━━━━━━━━━━━━━━━━━━━━━━

  Covington Complete Dentistry
    Address:  17265 SE Wax Rd, Suite 101, Covington, WA, 98042
    Phone:    (253) 600-3658
    Email:    covingtoncompletedentistry@gmail.com
    Website:  https://covingtoncompletedentistry.com
    Contact:  Dr. Lucas Kim, DDS

  Dino Kid's Dentistry
    Address:  17265 SE Wax Road, Suite 103, Covington, WA, 98042
    Phone:    (253) 220-7345
    Email:    info@dinokidsdentistry.com
    Website:  https://www.dinokidsdentistry.com/
    Contact:  Dr. Julia Richman, DDS

  Haeger Orthodontics
    Address:  24909 104th Ave. SE, #203, Kent, WA, 98030
    Phone:    (253) 850-7043
    Email:    team@mybraces.net
    Website:  http://mybraces.net/
    Contact:  Dr. Robert Haeger, DDS


━━━━━━━━━━━━━━━━━━━━━━━━━━━━━━━━━━━━━━━━━━━━━━━━━━━━━━━━━━━━━━━━━━━━━━━━━━━━━━━━
  EDUCATION & TRAINING (8)
━━━━━━━━━━━━━━━━━━━━━━━━━━━━━━━━━━━━━━━━━━━━━━━━━━━━━━━━━━━━━━━━━━━━━━━━━━━━━━━━

  Communities In Schools of South King County
    Address:  25630 158th Place Southeast, Covington, WA, 98042
    Phone:    (253) 867-5637
    Email:    info@cisskc.org
    Website:  https://skc.ciswa.org/
    Contact:  Angela Stave

  Covington Library
    Address:  27100 164th Avenue SE, Covington, WA, 98042
    Phone:    (253) 630-8761
    Email:    pbodle@kcls.org
    Website:  https://kcls.org/locations/covington/
    Contact:  PhilisAnn Bodle

  Green River College
    Address:  12400 S. 320th Street, Auburn, WA, 98092
    Phone:    (253) 288-3338
    Email:    gfrasier@greenriver.edu
    Website:  https://greenriver.edu
    Contact:  George Frasier

  Kent Education Association
    Address:  10427 SE 244th Street, Kent, WA, 98030
    Phone:    (253) 852-1350
    Email:    kentea@washingtonea.org
    Website:  https://kentwea.org
    Contact:  Tim Martin

  Kent School District #415
    Address:  12033 SE 256th St., Kent, WA, 98030
    Phone:    (253) 373-7000
    Email:    communications@kent.k12.wa.us
    Website:  www.kent.k12.wa.us
    Contact:  Dr. Wade Barringer

  Kent School District Career & Technical Education
    Address:  12033 SE 256th St., D-250, Kent, WA, 98030
    Phone:    (253) 373-7915
    Email:    wade.barringer@kent.k12.wa.us
    Website:  https://www.kent.k12.wa.us/domain/4331
    Contact:  Dr. Wade Barringer

  Pivotal Readiness
    Address:  18224 Southeast 286th Court, Kent, WA, 98042
    Phone:    2538804767
    Email:    greg@pivotalreadiness.com
    Website:  https://www.pivotalreadiness.com
    Contact:  Greg Livell

  Real Kids Learning
    Address:  26201 180th Avenue SE, Covington, WA, 98042
    Phone:    (253) 479-1903
    Email:    niki@reallifechurch.com
    Website:  https://realkidslearning.com
    Contact:  Malia Malnati


━━━━━━━━━━━━━━━━━━━━━━━━━━━━━━━━━━━━━━━━━━━━━━━━━━━━━━━━━━━━━━━━━━━━━━━━━━━━━━━━
  EMPLOYMENT SERVICES (1)
━━━━━━━━━━━━━━━━━━━━━━━━━━━━━━━━━━━━━━━━━━━━━━━━━━━━━━━━━━━━━━━━━━━━━━━━━━━━━━━━

  Trillium Employment Services
    Address:  201 Auburn Way North, Auburn, WA, 98002
    Phone:    (253) 245-3789
    Email:    liesa@trillium.org
    Website:  https://trillium.org/
    Contact:  Liesa Spring


━━━━━━━━━━━━━━━━━━━━━━━━━━━━━━━━━━━━━━━━━━━━━━━━━━━━━━━━━━━━━━━━━━━━━━━━━━━━━━━━
  FINANCIAL SERVICES (8)
━━━━━━━━━━━━━━━━━━━━━━━━━━━━━━━━━━━━━━━━━━━━━━━━━━━━━━━━━━━━━━━━━━━━━━━━━━━━━━━━

  Edward Jones Investments - Bryan LaBelle
    Address:  27121 174th Place SE, #203, Covington, WA, 98042
    Phone:    (253) 246-7506
    Email:    bryan.labelle@edwardjones.com
    Website:  https://www.edwardjones.com/
    Contact:  Bryan LaBelle

  Edward Jones Investments - Dave Wilson
    Address:  13003 SE Kent-Kangley Road, Suite 105, Kent, WA, 98030
    Phone:    (253) 236-4041
    Email:    dave.w.wilson@edwardjones.com
    Website:  https://www.edwardjones.com/
    Contact:  Dave Wilson

  Edward Jones Investments - Mark Greynerovich
    Address:  13003 Southeast Kent-Kangley Road, Ste. 105, Kent, WA, 98030
    Phone:    (253) 236-4041
    Email:    mark.greynerovich@edwardjones.com
    Website:  www.edwardjones.com/mark-greynerovich
    Contact:  Mark Greynerovich

  Edward Jones Investments - Scott F Beusch
    Address:  16340 SE 256th St., Ste. B100, Covington, WA, 98042
    Phone:    (253) 246-7336
    Email:    scott.beusch@edwardjones.com
    Website:  https://www.edwardjones.com/us-en/financial-advisor/scott-beusch
    Contact:  Susan Ruppert

  Edward Jones Investments - Stephanie Hawes
    Address:  1314 8th St NE, Suite 103, Auburn, WA, 98038
    Phone:    (253) 931-1895
    Email:    stephanie.hawes@edwardjones.com
    Website:  https://www.edwardjones.com/us-en/financial-advisor/stephanie-hawes
    Contact:  Stephanie Hawes

  Farmers Insurance - Ahern Insurance Agency
    Address:  27116 167th Pl. SE, #114, Covington, WA, 98042
    Phone:    (253) 854-3883
    Email:    michaela.jahern@farmersagency.com
    Website:  https://agents.farmers.com/wa/covington/jeffrey-ahern
    Contact:  Michaela Ahern

  Jean Wall State Farm Insurance
    Address:  27121 174th Pl. SE, #103, Covington, WA, 98042
    Phone:    (206) 528-0411
    Email:    jean@jeanwallinsurance.com
    Website:  https://jeanwallinsurance.com
    Contact:  Jean Wall

  Saggau Wealth Management
    Address:  15215 SE 272nd St., #102, Kent, WA, 98042
    Phone:    (253) 638-1341
    Email:    abigail.damoiseaux@edwardjones.com
    Website:  https://www.edwardjones.com/
    Contact:  Abby Damoiseaux


━━━━━━━━━━━━━━━━━━━━━━━━━━━━━━━━━━━━━━━━━━━━━━━━━━━━━━━━━━━━━━━━━━━━━━━━━━━━━━━━
  FOOD, BEVERAGE, BAKERY AND GROCERY (20)
━━━━━━━━━━━━━━━━━━━━━━━━━━━━━━━━━━━━━━━━━━━━━━━━━━━━━━━━━━━━━━━━━━━━━━━━━━━━━━━━

  Cafe Pacific Catering
    Address:  4402 AUBURN WAY N, 4402 AUBURN WAY N, AUBURN, WA, 98002
    Phone:    (253) 852-0135
    Email:    office@cafepacific.com
    Website:  https://www.cafepacific.com/
    Contact:  Diana Bergseth

  Crumbl Cookies
    Address:  16915 SE 272nd Street, Suite 102, Covington, WA, 98042
    Phone:    (253) 235-9542
    Email:    covington@crumbl.com
    Website:  https://crumblcookies.com/covington
    Contact:  Brittany Adams

  Firehouse Subs
    Address:  16929 Southeast 270th Place, Covington, WA, 98042
    Phone:    (253) 277-9905
    Email:    tracie.leistiko@firehousesubs.com
    Website:  https://firehousesubs.com
    Contact:  Tracie Leistiko

  Five Hooks Seafood Food Truck
    Address:  20014 Southeast 306th Place, Kent, WA, 98042
    Phone:    (562) 713-2746
    Email:    saitop12@gmail.com
    Website:  www.fivehooksseafood.com
    Contact:  Pam Saito

  Grill in the Woods at Druids Glen
    Address:  29925 207th Ave SE, Kent, WA, 98042
    Phone:    (253) 638-1200
    Email:    adeline.nelsen@golfdruids.com
    Website:  https://www.druidsglengolf.com/grill-in-the-woods/
    Contact:  Adeline Nelson

  Happy Lemon
    Address:  17307 SE 272nd St., #118, Covington, WA, 98042
    Phone:    (425) 941-3319
    Email:    hlcovingtonwa@gmail.com
    Website:  https://happylemonusa.com/
    Contact:  Aaron Parr

  Iron Grill: Mongolian BBQ
    Address:  17017 SE 270th Pl., #101, Covington, WA, 98042
    Phone:    (253) 631-0101
    Email:    theirongrill@outlook.com
    Website:  https://www.facebook.com/theirongrill/
    Contact:  Jennifer Sena

  Java! Java! Coffee Co.
    Address:  23130 224th Pl. SE, Ste. 101, Maple Valley, WA, 98038
    Phone:    (425) 432-2184
    Email:    brett@javajavacoffee.com
    Website:  https://javajavacoffee.com
    Contact:  Brett Habenicht

  Kona Ice of Maple Valley
    Address:  21822 210th Avenue Southeast, Maple Valley, WA, 98038
    Phone:    (425) 900-5519
    Email:    bradshaw@kona-ice.com
    Website:  https://www.kona-ice.com/local-site/kona-ice-of-maple-valley/
    Contact:  Brandon Bradshaw

  Legendary Doughnuts
    Address:  27237 172nd Ave. SE, #109, Covington, WA, 98042
    Phone:    (253) 220-8007
    Email:    shannon@legendarydoughnuts.com
    Website:  http://legendarydoughnuts.com/
    Contact:  Shannon Patten

  Nikki's Restaurant
    Address:  27120 174th Pl. SE, Covington, WA, 98042
    Phone:    (253) 981-3612
    Email:    mjaimev@hotmail.com
    Website:  https://nikkisrestaurant.com/
    Contact:  Jaime Monje

  Our Hive Juicery
    Address:  31231 3rd Avenue, Unit 300, Black Diamond, WA, 98010
    Email:    ourhivejuicery@gmail.com
    Contact:  Aaron Parr

  PNW Cheesecake Co.
    Email:    pnwcheesecakes@gmail.com
    Website:  https://pnwcheesecake.com/
    Contact:  Kimber Pollreis

  Ristrettos Coffee and Wine
    Address:  27203 216th Ave SE, Maple Valley, WA, 98042
    Phone:    (425) 433-6455
    Email:    info@ristrettoscoffeeandwine.com
    Website:  https://ristrettoscoffeeandwine.com/
    Contact:  Lauren Peever

  Smith Brothers Farms
    Address:  26401 79th Ave S, Kent, WA, 98032
    Phone:    (425) 577-3405
    Email:    dneedles@smithbrothersfarms.com
    Website:  https://www.smithbrothersfarms.com/
    Contact:  Donna Needles

  South East Asian Mart
    Address:  27339 Covington Way Southeast, Ste B-115, Covington, WA, 98042
    Phone:    (253) 263-6170
    Email:    contact@southeastasianmart.com
    Contact:  JK G

  Stottle Winery Covington Tasting Room
    Address:  16783 Southeast 272nd Street, Ste. A, Covington, WA, 98042
    Phone:    (253) 480-9053
    Email:    info@stottlewinery.com
    Website:  https://www.stottlewinery.com/
    Contact:  Vivian Sanver

  Trapper's Sushi Co.
    Address:  16908 Southeast 269th Place, #110, Covington, WA, 98042
    Phone:    (253) 277-0926
    Email:    jose.delapena@trapperssushi.com
    Website:  https://www.trapperssushi.com/covington
    Contact:  Farrah Scott

  Ube Overload, LLC
    Phone:    (253) 394-6220
    Email:    Ubeoverloadph@gmail.com
    Website:  https://ubeoverload.com/
    Contact:  Joelyn Martin

  Walmart Covington
    Address:  17432 Southeast 270th Place, Covington, WA, 98042
    Phone:    (253) 630-7791
    Email:    d0a024r.s05073.us@wal-mart.com
    Website:  https://www.walmart.com/store/5073-covington-wa
    Contact:  Dom Aab


━━━━━━━━━━━━━━━━━━━━━━━━━━━━━━━━━━━━━━━━━━━━━━━━━━━━━━━━━━━━━━━━━━━━━━━━━━━━━━━━
  GOVERNMENT AND PUBLIC UTILITIES (5)
━━━━━━━━━━━━━━━━━━━━━━━━━━━━━━━━━━━━━━━━━━━━━━━━━━━━━━━━━━━━━━━━━━━━━━━━━━━━━━━━

  City of Covington
    Address:  16720 SE 271st St., Ste. 100, Covington, WA, 98042
    Phone:    (253) 480-2400
    Email:    kbates@covingtonwa.gov
    Website:  https://www.covingtonwa.gov/
    Contact:  Krista Bates

  Covington Water District
    Address:  18631 SE 300th Place, Covington, WA, 98042
    Phone:    (253) 631-0565
    Email:    thomas.keown@covingtonwater.com
    Website:  https://www.covingtonwater.com/
    Contact:  Thomas Keown

  King County Councilmember Reagan Dunn
    Address:  516 3rd Ave., Rm. 1200, Seattle, WA, 98104
    Phone:    (206) 477-1009
    Email:    cody.eccles@kingcounty.gov
    Website:  https://kingcounty.gov/dunn
    Contact:  Cody Eccles

  Puget Sound Regional Fire Authority
    Address:  24611 116th Avenue SE, Kent, WA, 98030
    Phone:    (253) 856-4300
    Email:    fire@pugetsoundfire.org
    Website:  https://pugetsoundfire.org/
    Contact:  Pat Pawlak

  Soos Creek Water & Sewer District
    Address:  14616 Southeast 192nd Street, Renton, WA, 98058
    Phone:    (253) 630-9900
    Email:    wappleton@sooscreek.com
    Website:  https://www.sooscreek.com/
    Contact:  William Appleton


━━━━━━━━━━━━━━━━━━━━━━━━━━━━━━━━━━━━━━━━━━━━━━━━━━━━━━━━━━━━━━━━━━━━━━━━━━━━━━━━
  HEALTH, WELLNESS AND FITNESS (4)
━━━━━━━━━━━━━━━━━━━━━━━━━━━━━━━━━━━━━━━━━━━━━━━━━━━━━━━━━━━━━━━━━━━━━━━━━━━━━━━━

  KD Water Systems
    Address:  P. O. Box 381, Puyallup, WA, 98371
    Phone:    (253) 355-5537
    Email:    info@kdwatersystems.com
    Website:  https://www.kdwatersystems.com/
    Contact:  Delane Wolter

  PNW Sports Institute powered by OPT
    Address:  16720 SE 271st Street, Suite 200, Covington, WA, 98042
    Phone:    (253) 630-5808
    Email:    aturley@outpatientpt.com
    Website:  https://pnwsi.com/
    Contact:  Adam Turley

  Signature Kettlebell
    Address:  26419 202nd Court SouthEast, Covington, WA, 98042
    Phone:    (206) 455-5654
    Email:    joshua@signaturekettlebell.com
    Website:  www.signaturekettlebell.com
    Contact:  Joshua Hughes

  UW Lifestyle Medicine powered by Pinnacle
    Address:  17307 SE 272nd St., Ste. 126, Covington, WA, 98042
    Phone:    (425) 690-3521
    Email:    keith_boyd@valleymed.org
    Website:  https://www.pinnacle-pt.com/
    Contact:  Keith Boyd


━━━━━━━━━━━━━━━━━━━━━━━━━━━━━━━━━━━━━━━━━━━━━━━━━━━━━━━━━━━━━━━━━━━━━━━━━━━━━━━━
  HEALTHCARE (4)
━━━━━━━━━━━━━━━━━━━━━━━━━━━━━━━━━━━━━━━━━━━━━━━━━━━━━━━━━━━━━━━━━━━━━━━━━━━━━━━━

  Bloodworks Northwest
    Address:  921 Terry Avenue, Seattle, WA, 98104
    Phone:    (206) 886-5896
    Email:    nblair@bloodworksnw.org
    Website:  https://www.bloodworksnw.org/
    Contact:  Nicholas Blair

  MultiCare South King Region
    Address:  17700 SE 272nd Street, Covington, WA, 98042
    Phone:    (253) 372-7100
    Email:    lisa.wallace@multicare.org
    Website:  https://multicare.org
    Contact:  Lisa Wallace

  Valley Cities Behavioral Health Care
    Address:  33405 8th Ave S., Suite 200, Federal Way, WA, 98003
    Phone:    (253) 833-7444
    Email:    info@valleycities.org
    Website:  https://valleycities.org/
    Contact:  John Grossman

  Valley Medical Center
    Address:  27500 168th Place SE, Covington, WA, 98042
    Phone:    (425) 690-3430
    Email:    liz_nolan@valleymed.org
    Website:  https://www.valleymed.org/covingtonspc/
    Contact:  Liz Nolan


━━━━━━━━━━━━━━━━━━━━━━━━━━━━━━━━━━━━━━━━━━━━━━━━━━━━━━━━━━━━━━━━━━━━━━━━━━━━━━━━
  INDIVIDUAL MEMBER (3)
━━━━━━━━━━━━━━━━━━━━━━━━━━━━━━━━━━━━━━━━━━━━━━━━━━━━━━━━━━━━━━━━━━━━━━━━━━━━━━━━

  Balash, Ina
    Phone:    (253) 876-6203
    Contact:  Ina Balash

  Daman Khatra
    Email:    khatra03@icloud.com
    Contact:  Daman Khatra

  Kathy Fosjord
    Phone:    (253) 350-0209
    Email:    kfosjord@gmail.com
    Contact:  Kathy Fosjord


━━━━━━━━━━━━━━━━━━━━━━━━━━━━━━━━━━━━━━━━━━━━━━━━━━━━━━━━━━━━━━━━━━━━━━━━━━━━━━━━
  INSURANCE (2)
━━━━━━━━━━━━━━━━━━━━━━━━━━━━━━━━━━━━━━━━━━━━━━━━━━━━━━━━━━━━━━━━━━━━━━━━━━━━━━━━

  American Family Insurance
    Address:  26837 Maple Valley Black Diamond Rd SE, Suite 103, Maple Valley, WA, 98038
    Phone:    (425) 432-4020
    Email:    mclaughlinandassociates@amfam.com
    Website:  https://www.amfam.com/agents/washington/maple-valley/tania-mclaughlin
    Contact:  Tania McLaughlin

  Health Insurance NW
    Address:  2921 5th Avenue Northeast, Ste 150, Puyallup, WA, 98372
    Phone:    2534609444
    Email:    bobmay@healthinsurancenw.com
    Website:  www.healthinsurancenw.com
    Contact:  Robert MAY


━━━━━━━━━━━━━━━━━━━━━━━━━━━━━━━━━━━━━━━━━━━━━━━━━━━━━━━━━━━━━━━━━━━━━━━━━━━━━━━━
  LEGAL SERVICES (1)
━━━━━━━━━━━━━━━━━━━━━━━━━━━━━━━━━━━━━━━━━━━━━━━━━━━━━━━━━━━━━━━━━━━━━━━━━━━━━━━━

  Hanis Irvine Prothero, PLLC
    Address:  6703 S. 234th St., Ste. 300, Kent, WA, 98032
    Phone:    (253) 520-5000
    Email:    phanis@hiplawfirm.com
    Website:  https://www.hiplawfirm.com/
    Contact:  Patrick Hanis


━━━━━━━━━━━━━━━━━━━━━━━━━━━━━━━━━━━━━━━━━━━━━━━━━━━━━━━━━━━━━━━━━━━━━━━━━━━━━━━━
  MISCELLANEOUS (4)
━━━━━━━━━━━━━━━━━━━━━━━━━━━━━━━━━━━━━━━━━━━━━━━━━━━━━━━━━━━━━━━━━━━━━━━━━━━━━━━━

  Edline-Yahn & Covington Funeral Chapel
    Address:  27221 156th Avenue SE, Kent, WA, 98042
    Phone:    (253) 630-2736
    Email:    edline-yahn@hotmail.com
    Website:  https://www.edline-yahn.com/
    Contact:  Charmaine Jovanovich-Miller

  Novo Apartments
    Address:  18025 SE 272nd Street, Covington, WA, 98042
    Phone:    (253) 630-6686
    Email:    manager@novoapts.com
    Website:  https://www.novoapts.com/
    Contact:  Cassandra King

  Republic Services
    Address:  22010 76th Ave South, Kent, WA, 98032
    Phone:    (206) 682-9735
    Email:    jwagner4@republicservices.com
    Website:  www.republicservicesnw.com
    Contact:  Wendy Weiker

  Valley Vehicle Licensing
    Address:  27331 172nd Ave. SE, #116, Covington, WA, 98042
    Phone:    (253) 630-7090
    Email:    vvlicensing.17@gmail.com
    Website:  https://www.valleyvehiclelicensing.com/
    Contact:  Cherie Adams


━━━━━━━━━━━━━━━━━━━━━━━━━━━━━━━━━━━━━━━━━━━━━━━━━━━━━━━━━━━━━━━━━━━━━━━━━━━━━━━━
  NONPROFIT ORGANIZATIONS (22)
━━━━━━━━━━━━━━━━━━━━━━━━━━━━━━━━━━━━━━━━━━━━━━━━━━━━━━━━━━━━━━━━━━━━━━━━━━━━━━━━

  Alzheimer's Assoc.
    Address:  10700 Meridian Ave. N., #503, Seattle, WA, 98133
    Phone:    (206) 363-5500
    Email:    inquirywa@alz.org
    Website:  https://www.alz.org/alzwa
    Contact:  Jim Wilgus

  Bicycle Rescue for Youth
    Address:  26823 312th Avenue SE, Ravensdale, WA, 98051
    Phone:    (253) 369-8230
    Email:    bradb@bicyclerescueforyouth.org
    Website:  https://bicyclerescueforyouth.org
    Contact:  Brad Belcher

  Birthday Dreams
    Address:  1084 Kirkland Avenue NE, Renton, WA, 98056
    Phone:    (425) 988-3954
    Email:    info@birthdaydreams.org
    Website:  https://birthdaydreams.org
    Contact:  Chris Spahn

  Children's Therapy Center
    Address:  29020 216th Avenue SE, Black Diamond, WA, 98010
    Phone:    (253) 854-5660
    Email:    nichelle.brown@ctckids.org
    Website:  https://www.ctckids.org/
    Contact:  Nichelle Brown

  Covington Community Church
    Address:  17455 Southeast Wax Road, Covington, WA, 98042
    Phone:    (253) 631-9090
    Email:    covingtonccinfo@gmail.com
    Website:  https://covingtonwacc.org
    Contact:  Rod Meyers

  Do The Right Thing
    Address:  3416 South 368th Place, Auburn, WA, 98001
    Phone:    (253) 457-5578
    Email:    onthegogirl2day@gmail.com
    Website:  www.Dotherightthingnonprofit.org
    Contact:  Ann Sappington

  Eileen & Callie's Place
    Address:  P. O. Box 401, Kent, WA, 98035
    Phone:    (567) 233-2632
    Email:    eileenandcallie@gmail.com
    Website:  https://eileenandcalliesplace.org/
    Contact:  Dr. Natalie Ellington

  Elk Run Farm
    Address:  27625 228th Ave SE, Maple Valley, WA, 98038
    Phone:    (425) 310-2134
    Email:    elkrunfarm@skcfc.org
    Website:  https://elkrunfarm.wordpress.com
    Contact:  Joy Throndsen

  Greater Maple Valley Veterans Memorial Foundation
    Address:  23130 224th Pl. SE, #101, Maple Valley, WA, 98038
    Phone:    (206) 571-2800
    Email:    info@maplevalleyvets.org
    Website:  https://maplevalleyvets.org/
    Contact:  Brett Habenicht

  Greater Seattle Business Association
    Address:  400 E Pine Street ste 322, Seattle, WA, 98122
    Phone:    (510) 294-0899
    Email:    illstaykindred@gmail.com
    Website:  https://thegsba.org/
    Contact:  Joey Chapman

  Green River College Foundation
    Address:  12401 S. 320th Street, Auburn, WA, 98092
    Phone:    (253) 288-3338
    Email:    foundation@greenriver.edu
    Website:  https://greenrivercollegefoundation.org/
    Contact:  George Frasier

  Kent Community Foundation
    Address:  P. O. Box 5493, Kent, WA, 98064
    Phone:    (253) 315-1758
    Email:    info@kentcommunityfoundation.org
    Website:  https://kentcommunityfoundation.org
    Contact:  Brenda Farwell

  Maple Valley Farmers' Market
    Address:  25719 Maple Valley Black Diamond Rd. SE, Maple Valley, WA, 98038
    Phone:    (425) 835-3269
    Email:    info@maplevalleyfarmersmarket.com
    Website:  https://www.maplevalleyfarmersmarket.com/
    Contact:  Mark Hoben

  Multi-Service Center
    Address:  1200 South 336th St, Federal Way, WA 98003, WA, 98003
    Phone:    (253) 838-6810
    Email:    info@mschelps.org
    Website:  https://mschelps.org/
    Contact:  Jennifer Sparks

  Real Life Church
    Address:  26201 180th Avenue SE, Covington, WA, 98042
    Phone:    (253) 631-4163
    Email:    office@reallifechurch.com
    Website:  https://reallifechurch.com
    Contact:  Pastor Taylor Murray

  Seattle's Union Gospel Mission
    Address:  3800 S. Othello St., Seattle, WA, 98118
    Phone:    (206) 498-6499
    Email:    bchandler@ugm.org
    Website:  http://ugm.org
    Contact:  Brian Chandler

  See Ya Later Foundation
    Address:  204 Auburn Ave, Auburn, WA, 98002
    Phone:    (253) 289-0064
    Email:    infowa@seeyalater.org
    Website:  https://www.seeyalater.org/home
    Contact:  Brian Williams

  Tahogreen Eco Guardians
    Address:  26829 227th Place Southeast, Maple Valley, WA, 98038
    Phone:    (425) 785-3289
    Email:    sasikumarvishal@tahogreen.org
    Website:  https://plantalifewithgreenbook.org/
    Contact:  Sasikumar Vishal

  The Storehouse
    Address:  26201 180th Ave SE, Covington, WA, 98042
    Phone:    (253) 631-3038
    Email:    info@covingtonstorehouse.org
    Website:  https://www.covingtonstorehouse.org/
    Contact:  Stephanie Lawson

  Valley CERT & Red Cross Volunteer Community
    Address:  23809 SE 225th St., Maple Valley, WA, 98038
    Phone:    (425) 246-8764
    Email:    info@safesecureprepared.us
    Website:  https://safesecureprepared.us/
    Contact:  Ty Moore

  Vine Maple Place
    Address:  P. O. Box 1092, Maple Valley, WA, 98038
    Phone:    (425) 432-2119
    Email:    info@vinemapleplace.org
    Website:  https://www.vinemapleplace.org/
    Contact:  Michele Fretts

  Your Gift of Life Foundation
    Phone:    (206) 487-3566
    Email:    jamesd@yourgiftoflife.org
    Website:  https://yourgiftoflife.org/
    Contact:  James Donaldson


━━━━━━━━━━━━━━━━━━━━━━━━━━━━━━━━━━━━━━━━━━━━━━━━━━━━━━━━━━━━━━━━━━━━━━━━━━━━━━━━
  PERSONAL SERVICES (2)
━━━━━━━━━━━━━━━━━━━━━━━━━━━━━━━━━━━━━━━━━━━━━━━━━━━━━━━━━━━━━━━━━━━━━━━━━━━━━━━━

  Dahlia Nails
    Address:  27116 167th PL #112, Covington, WA, 98042
    Phone:    (253) 630-7283
    Email:    dahlianails2024@gmail.com
    Website:  https://dahlianailscovington.com/
    Contact:  Anh Dao Nguyen

  Daniel Ross Salon & Skin Care, Inc.
    Address:  17407 SE Wax Rd, Covington, WA, 98042
    Phone:    (253) 630-9423
    Email:    info@danielrosssalon.com
    Website:  https://www.danielrosssalon.com/
    Contact:  Tab Wagers


━━━━━━━━━━━━━━━━━━━━━━━━━━━━━━━━━━━━━━━━━━━━━━━━━━━━━━━━━━━━━━━━━━━━━━━━━━━━━━━━
  POLITICAL CANDIDATE (1)
━━━━━━━━━━━━━━━━━━━━━━━━━━━━━━━━━━━━━━━━━━━━━━━━━━━━━━━━━━━━━━━━━━━━━━━━━━━━━━━━

  Friends of Logan Evans
    Address:  14901 SE 272nd St Apt K303, Kent, WA, 98042-8179
    Phone:    2532496408
    Email:    loganevans.civic@gmail.com
    Website:  loganforhouse.com
    Contact:  Logan Evans


━━━━━━━━━━━━━━━━━━━━━━━━━━━━━━━━━━━━━━━━━━━━━━━━━━━━━━━━━━━━━━━━━━━━━━━━━━━━━━━━
  PROFESSIONAL SERVICES (8)
━━━━━━━━━━━━━━━━━━━━━━━━━━━━━━━━━━━━━━━━━━━━━━━━━━━━━━━━━━━━━━━━━━━━━━━━━━━━━━━━

  Actualize Your Full Potential, LLC
    Address:  PO Box 58695, Renton, WA, 98058
    Phone:    (206) 486-0737
    Email:    info@actualizeyourfullpotential.com
    Website:  http://ActualizeYourFullPotential.com
    Contact:  Bruce Barnes

  Auto-Chlor System
    Address:  6840 S. 196th St., Ste. 120, Kent, WA, 98032
    Phone:    (253) 236-8570
    Email:    cieslikow@autochlor.com
    Website:  www.autochlor.com
    Contact:  Richard Cieslikowski

  C and B Awards & Apparel
    Address:  27635 Covington Way SE, Ste. 6, Covington, WA, 98042
    Phone:    (253) 631-2986
    Email:    info@candbawards.com
    Website:  http://candbawards.com
    Contact:  Kathryn LeCompte

  Cascade Human Resources
    Address:  Puyallup, WA, 98375
    Phone:    (253) 268-9319
    Email:    cheyanne@cascade-hr.com
    Website:  https://www.cascade-hr.com/
    Contact:  Cheyanne Schaefer, SHRM-SCP

  Enumclaw Stationers Office & Print
    Address:  1708 Cole Street, Enumclaw, WA, 98022
    Phone:    (360) 825-5529
    Email:    tonyhancuff@enumclawstationers.com
    Website:  https://www.enumclawstationers.com/
    Contact:  Tony Hancuff

  Green City Pest Control
    Address:  22620 SE 216th Pl., Ste. B, Maple Valley, WA, 98038
    Phone:    (425) 413-9700
    Email:    info@greencitypestcontrol.com
    Website:  https://greencitypestcontrol.com/
    Contact:  Scott Dideon

  Next Chapter Business Brokerage, Inc.
    Phone:    (206) 459-4328
    Email:    taralee@nextchapterbb.com
    Website:  www.nextchapterbb.com
    Contact:  Taralee Muhli

  Overwatch Security Services, LLC
    Phone:    (425) 998-3652
    Email:    overwatchsecureservices@gmail.com
    Contact:  Nicholas Barajas


━━━━━━━━━━━━━━━━━━━━━━━━━━━━━━━━━━━━━━━━━━━━━━━━━━━━━━━━━━━━━━━━━━━━━━━━━━━━━━━━
  REAL ESTATE DEVELOPER (1)
━━━━━━━━━━━━━━━━━━━━━━━━━━━━━━━━━━━━━━━━━━━━━━━━━━━━━━━━━━━━━━━━━━━━━━━━━━━━━━━━

  Lakepointe
    Address:  33930 Weyerhaeuser Way South, #205, Federal Way, WA, 98001
    Phone:    (253) 275-3357
    Email:    marita.benedict@brookfieldrp.com
    Contact:  Marita Benedict


━━━━━━━━━━━━━━━━━━━━━━━━━━━━━━━━━━━━━━━━━━━━━━━━━━━━━━━━━━━━━━━━━━━━━━━━━━━━━━━━
  REAL ESTATE, PROPERTY MANAGEMENT (8)
━━━━━━━━━━━━━━━━━━━━━━━━━━━━━━━━━━━━━━━━━━━━━━━━━━━━━━━━━━━━━━━━━━━━━━━━━━━━━━━━

  Better Properties Covington
    Address:  17615 Southeast 272nd Street, Suite 107, Covington, WA, 98042
    Phone:    (253) 230-2464
    Email:    sstewart@betterproperties.com
    Website:  www.betterpropertiescovington.com
    Contact:  Shawn Stewart

  Covington Place
    Address:  16720 SE 271st St., Covington, WA, 98042
    Phone:    (253) 263-6609
    Email:    covingtonplacemanager@gmail.com
    Contact:  Justin VanLandschoot

  Diana + Cory | The Patterson Team
    Address:  3800 NE 4th St., Renton, WA, 98056
    Phone:    (425) 235-7777
    Email:    dianapatterson@windermere.com
    Website:  http://thepattersonrealestate.com
    Contact:  Diana Patterson

  Newberry Realty Inc
    Address:  16340 SE 256th St., STE B200, Covington, WA, 98042
    Phone:    (253) 630-6100
    Email:    support@newberryrealty.com
    Website:  www.NewberryRealty.com
    Contact:  Dave Newberry

  Seattle-King County Realtors - Sam Pace
    Address:  29839 154th Avenue SE, Kent, WA, 98042
    Phone:    (253) 630-5541
    Email:    sam@sampace.com
    Website:  https://www.nwrealtor.com/
    Contact:  Sam Pace

  Stephanie Hunziker Real Estate
    Address:  1810 15th Place NW, Suite 100, Issaquah, WA, 98027
    Phone:    (425) 241-8133
    Email:    steph@stephsellsseattle.com
    Website:  https://stephsellsseattle.com
    Contact:  Stephanie Hunziker

  Tamara Paul Group - RE/MAX Northwest
    Address:  P. O. Box 9021, Covington, WA, 98042
    Phone:    (206) 226-5869
    Email:    tamara@thetamarapaulgroup.com
    Website:  www.TheTamaraPaulGroup.com
    Contact:  Tamara Paul

  Team Marti - John L. Scott Real Estate
    Address:  12845 SE Kent-Kangley Rd., Kent, WA, 98030
    Phone:    (253) 246-8938
    Email:    teammarti@johnlscott.com
    Website:  https://teammarti.com
    Contact:  Marti Reeder


━━━━━━━━━━━━━━━━━━━━━━━━━━━━━━━━━━━━━━━━━━━━━━━━━━━━━━━━━━━━━━━━━━━━━━━━━━━━━━━━
  RECREATION (2)
━━━━━━━━━━━━━━━━━━━━━━━━━━━━━━━━━━━━━━━━━━━━━━━━━━━━━━━━━━━━━━━━━━━━━━━━━━━━━━━━

  British Swim School of South Renton - Covington
    Address:  27245 172nd Avenue Southeast, Covington, WA, 98042
    Phone:    (253) 449-2243
    Email:    elif.mokran@britishswimschool.com
    Website:  https://britishswimschool.com/south-renton-covington/la-fitness-covington/
    Contact:  Elif Mokran

  Covington Aquatic Center
    Address:  18230 SE 240th Street, Covington, WA, 98042
    Phone:    (253) 480-2480
    Email:    sdalsanto@covingtonwa.gov
    Website:  https://www.covingtonwa.gov/aquatics.php
    Contact:  Shannon Dalsanto


━━━━━━━━━━━━━━━━━━━━━━━━━━━━━━━━━━━━━━━━━━━━━━━━━━━━━━━━━━━━━━━━━━━━━━━━━━━━━━━━
  RETAIL (5)
━━━━━━━━━━━━━━━━━━━━━━━━━━━━━━━━━━━━━━━━━━━━━━━━━━━━━━━━━━━━━━━━━━━━━━━━━━━━━━━━

  Apple Blossom Gift Baskets
    Address:  17300 SE 270th Pl., #8061, Covington, WA, 98042
    Phone:    (253) 350-6035
    Email:    appleblossomgiftbaskets@gmail.com
    Website:  https://PNWgiftbaskets.com
    Contact:  Veronica Cockerham

  Fred Meyer - Covington
    Address:  16735 SE 272nd Street, Covington, WA, 98042
    Phone:    (253) 639-7400
    Email:    april.haskins@stores.fredmeyer.com
    Website:  https://fredmeyer.com
    Contact:  April Haskins

  Game Shelf, The
    Address:  12916 SE Kent Kangley Road, Kent, WA, 98030
    Phone:    (253) 487-7123
    Email:    info@gameshelfwa.com
    Website:  https://gameshelfwa.com/
    Contact:  Jason Stewart

  New Craft Different Day
    Phone:    (206) 468-0454
    Email:    temeyosakeylona@yahoo.com
    Website:  https://Newcraftdifferentday.com
    Contact:  Keylona Temeyosa

  Walls of Books
    Address:  27339 Covington Way Southeast, Ste. C-2, Covington, WA, 98042
    Phone:    (253) 631-3976
    Email:    covington@wallsofbooks.net
    Website:  https://www.wallsofbooks.net/
    Contact:  Gail Vaughn


━━━━━━━━━━━━━━━━━━━━━━━━━━━━━━━━━━━━━━━━━━━━━━━━━━━━━━━━━━━━━━━━━━━━━━━━━━━━━━━━
  SENIOR CARE (2)
━━━━━━━━━━━━━━━━━━━━━━━━━━━━━━━━━━━━━━━━━━━━━━━━━━━━━━━━━━━━━━━━━━━━━━━━━━━━━━━━

  Vineyard Park of Covington
    Address:  17016 Southeast Wax Road, Covington, WA, 98042
    Phone:    (253) 480-7050
    Email:    marny.mcduff@carepartnersliving.com
    Website:  https://carepartnersliving.com
    Contact:  Marni McDuff

  Weatherly Inn Kent
    Address:  15101 SE 272nd Street, Kent, WA, 98042
    Phone:    (253) 630-7496
    Email:    sabrina@weatherlyinn.com
    Website:  https://www.weatherlyinn.com/
    Contact:  Sabrina Selden


━━━━━━━━━━━━━━━━━━━━━━━━━━━━━━━━━━━━━━━━━━━━━━━━━━━━━━━━━━━━━━━━━━━━━━━━━━━━━━━━
  SPECIALTY RETAIL & GIFTS (2)
━━━━━━━━━━━━━━━━━━━━━━━━━━━━━━━━━━━━━━━━━━━━━━━━━━━━━━━━━━━━━━━━━━━━━━━━━━━━━━━━

  My Perfectly Imperfect Boutique
    Address:  17433 Southeast 257th Street, Covington, WA, 98042
    Phone:    2064189775
    Email:    myperfectlyimperfectboutique@gmail.com
    Website:  www.myperfectlyimperfectboutique.com
    Contact:  Jamie Linton

  TLC Krafty Designs
    Address:  16211 128th Place Southeast, Renton, WA, 98058
    Phone:    (425) 785-1694
    Email:    tina@tlckraftydesigns.com
    Website:  TLCKraftyDesigns.com
    Contact:  Tina Cunningham


━━━━━━━━━━━━━━━━━━━━━━━━━━━━━━━━━━━━━━━━━━━━━━━━━━━━━━━━━━━━━━━━━━━━━━━━━━━━━━━━
  WEDDINGS AND EVENTS (2)
━━━━━━━━━━━━━━━━━━━━━━━━━━━━━━━━━━━━━━━━━━━━━━━━━━━━━━━━━━━━━━━━━━━━━━━━━━━━━━━━

  Farm, Fare & Floral
    Address:  17233 SE 228th Street, Kent, WA, 98042
    Phone:    (425) 761-4079
    Email:    jon@thronecfg.com
    Website:  https://www.farmfareandfloral.com/
    Contact:  Jon Throne

  Rein Fire Ranch
    Address:  27615 340th Avenue SE, Ravensdale, WA, 98051
    Phone:    (360) 886-5102
    Email:    info@reinfireranch.com
    Website:  https://reinfireranch.com/
    Contact:  Rich Kaalaas
