KENT CHAMBER OF COMMERCE — CONTACT LIST
Generated: February 24, 2026
================================================================================


MEMBER DIRECTORY (461 contacts)
━━━━━━━━━━━━━━━━━━━━━━━━━━━━━━━━━━━━━━━━━━━━━━━━━━━━━━━━━━━━━━━━━━━━━━━━━━━━━━━━

  1Community4Life                                         (206) 717-4311
    http://www.1community4life.org
    29357 215th Pl SE, Kent, WA 98042

  1st Security Bank                                       (253) 888-4883
    http://www.fsbwa.com
    1709 Dock St, Tacoma, WA 98402

  2000 Investors                                          (253) 395-5444
    http://Hilton.com/searv
    22420 84th ave s kent WA, Kent, WA 98032

  33rd District Senator Tina Orwall                       (360) 786-7834
    https://housedemocrats.wa.gov/orwall/
    P.O. BOX 40600, Olympia, WA 98504

  A'lan Edmonson -State Farm Insurance Agent              (253) 833-2500
    http://www.myagentae.com
    18000 72nd Ave S, Kent, WA 98032

  Acorn Uniforms                                          (425) 284-0505
    http://www.acornuniforms.com
    414 Railroad Ave S, Kent, WA 98032

  Actualize Your Full Potential LLC                       (206) 486-0737
    http://www.actualizeyourfullpotential.com
    P.O. Box 58695, Renton, WA 98058

  Ada Unlimited                                           (206) 657-6943
    https://adaunlimited.com
    7100 Fort Dent Way, Tukwila, WA 98188

  Adam Smith for Congress                                 (253) 572-6125
    https://electadamsmith.com/
    P.O. Box 578, Renton, WA 98057

  Adobe Acrobat                                           (253) 854-1770
    https://www.adobe.com/acrobat/online/pdf-to-excel.html
    345 Park Avenue, San Jose, CA 95110-2704

  Advanced Occupational Health Services                   (425) 650-2727
    http:// advancedohs.com
    4174 Lind Ave, Renton, WA 98057

  Agave Cocina & Cantin                                   (253) 277-2053
    http://agaverest.com/
    504 Ramsay Way, Kent, WA 98032

  Agency Security Group, LLC                              (253) 236-2157
    https://agencysecuritygroup.com
    524 W. Meeker Street, Kent, WA 98032

  AJAC                                                    (206) 764-7940
    http://www.ajactraining.org
    6811 S 204th St, Kent, WA 98032

  All Purpose Door Repair, Inc.                           (253) 638-6555
    http://allpurposedoorrepair.com
    15824 SE 296th Street, Kent, WA 98042

  Allegro Performing Arts Academy                         (253) 813-9630
    http://www.allegrodance.com
    222 Central Ave South, Kent, WA 98032

  alliance jiu jitsu Kent                                 (253) 286-8770
    https://www.facebook.com/people/Alliance-Jiu-Jitsu-Kent/61577347046788/
    324 Washington Avenue S., Kent, WA 98032

  Alpine Ridge Insurance Agency                           (253) 833-9501
    https://www.alpineridgeinsurance.com
    101 D St NE, Auburn, WA 98002

  Alsco                                                   (253) 478-5197
    http://www.alsco.com
    6828 S 204th St., Kent, WA 98032

  Amazon.com, Inc.                                        (253) 854-1770
    http://www.amazon.com
    21005 64th Ave S, Kent, WA 98032

  American Cancer Society                                 (206) 278-8630
    http://www.cancer.org
    5601 6th Ave S, Seattle, WA 98108

  Andy Song 4 Kent Council                                (253) 970-3771
    http://andy4kent.com
    4118 South 224th Place, kent, WA 98032

  ANEW                                                    (206) 381-1384
    http://www.anewaop.org
    18338 Andover Park W, Tukwila, WA 98188

  Angelic Care LLC                                        (206) 304-0755
    http://angelic-care-llc.business.site
    717 Alvord Ave N, Kent, WA 98031

  Apex Roofing                                            (253) 201-6767
    https://www.apex-roofing.com/seattle
    33710 9th Ave S Suite 10, Federal Way, WA 98003

  Applebee's                                              (253) 520-3888
    https://restaurants.applebees.com/en-us/wa/kent/25442-104th-ave-se-76085?utm_source=googlemybusiness&amp;utm_medium=referral&amp;utm_campaign=Google%20My%20Business
    25442 106th Avenue S.E., Kent, WA 98030

  Arbor Village                                           (253) 856-1600
    https://www.cascadeliving.com/community/arbor-village/
    24121 116th AVE SE, Kent, WA 98030

  Around the Clock, Inc. CRMC®                            (253) 852-3000
    http://www.aroundtheclockinc.com
    716 W. Meeker St. Ste 101, Kent, WA 98032

  Association of Washington                               (360) 943-1600
    http://awb.org
    1414 Cherry St. SE, Olympia, WA 98501

  Atlantic Street Center                                  12068411288
    http://www.atlanticstreetcenter.org
    610 W Meeker St, Kent, WA 98032

  Atlas Contracting                                       (253) 501-6464
    http://atlascontracting.us
    29525 164TH AVE SE, Kent, WA 98042

  Auburn Area Chamber of Commerce                         (253) 833-0700
    108 S Division St. #B, Auburn, WA 98001

  AUC1 Consulting                                         (253) 400-8279
    http://www.auc1consulting.com
    27434 151st Pl SE, Kent, WA 98042

  Back 40 Outfitters Inc                                  (206) 414-8407
    https://www.back40outfitters.co/
    205 West Meeker St, Kent, WA 98033

  Bath Fitter                                             (253) 872-6898
    http://www.bathfitternw.com
    7649 S. 180th Street, Kent, WA 98032

  Battlefield Addiction                                   (253) 334-2233
    http://www.battlefieldaddiction.org
    2250 Roosevelt Ave, Enumclaw, WA 98022

  BECU Kent Station                                       (206) 214-1464
    http://www.becu.org
    321 Ramsay Way, Kent, WA 98032

  Beri-Ah Medi                                            (206) 265-3050
    http://www.beri-ahmedia.com
    12527 SE 279th Pl., Kent, WA 98030

  Best Western Plus Plaza by the Green                    (253) 854-8767
    24415 Russell Road, Kent, WA 98032

  BIGWU FITNESS                                           (206) 501-0418
    https://bigwufitness.com/
    404 W Meeker, Kent, WA 98032

  Billy Footwear                                          (248) 756-2218
    http://www.billyfootwear.com
    7112 S 212st, Kent, WA 98032

  Black Greeting Cards                                    (206) 681-4810
    http://www.clubhoggy.com
    3617 SW 331st, Federal Way, WA 98023

  Blake Company, Inc                                      (253) 631-3060
    http://blakecompanyinc.com
    1127 W Harrison St, Kent, WA 98032

  Bloodworks Northwest                                    12062926500
    https://bloodworksnw.org/
    921 Terry Ave, Seattle, WA 98104

  Blush Beauty                                            (206) 327-7511
    http://www.blushbeautyrooms.com
    13210 SE 240th St, Kent, WA 98042

  Bowen Scarff Ford Lincoln                               (253) 852-1480
    http://www.bowenscarff.com
    1157 Central Ave N., Kent, WA 98032

  Burien Trophy                                           (206) 246-5371
    http://www.burientrophyonline.com
    213 SW 153rd, Burien, WA 98166

  Business Directory Search                               (253) 854-1770

  Business Directory Search                               (253) 854-1770

  Business Directory Search                               (253) 854-1770

  Business Impact NW                                      (206) 324-4330
    http://www.businessimpactnw.org
    12720 Gateway Dr. S #207, Tukwila, WA 98168

  Calluna Travel                                          (253) 854-1770
    http://www.callunatravel.com
    , Kent, WA 98031

  Capital Tax Services                                    (425) 251-3203
    http://www.capitaltaxservice.net
    215 E Titus Street, Kent, WA 98032

  Carol Bunker                                            (253) 854-1770
    , Kent, WA 98032

  Carpinito Brothers                                      (253) 854-5692
    http://www.carpinito.com
    1148 Central Ave. N., Kent, WA 98032

  Cater 4 You                                             (253) 495-8382
    https://www.maspika.com/cater-4-you/
    269 SW 41st Street, Renton, WA 98057

  Caveman Kitchen Inc.                                    (253) 854-1210
    http://www.cavemankitchen.com
    807 W Valley HWY, Kent, WA 98032

  Certified Folder Display Service, Inc                   (206) 870-2470
    https://www.certifiedfolder.com/
    1705 s 93rd st suite F2, seattle, WA 98108

  Chase Mobile Notary                                     (206) 229-3229
    http://chasemobilenotary.com
    505 S 325th St, Federal Way, WA 98003

  Cherubs Nursery School LLC                              (206) 313-5898
    http://cherubsnurseryschool.com
    11603 SE 256th St., Kent, WA 98030

  Children's Therapy Center                               (253) 854-5660
    https://www.ctckids.org/
    10811 SE Kent Kent Kangley Rd, Kent, WA 98030

  Choice Health Care Staffing LLC                         (206) 637-6021
    https://choicehealthcare21.com/
    10311 SE 270TH ST, Kent, WA 98030

  City of Covington                                       (253) 638-1110
    16720 SE 271st St. #100, Covington, WA 98042-7342

  City of Covington                                       (253) 638-1110
    16720 SE 271st Street #100, Covington, WA 98042

  City of Kent                                            (253) 856-5700
    http://www.kentwa.gov
    220 Fourth Ave. S., Kent, WA 98032

  City of Tacom                                           (253) 591-5272
    747 Market St., Room 520, Tacoma, WA 98402

  Clark & Associates CPA P.S.                             (253) 234-5732
    http://www.clarkaccounting.cpa
    320 Andover Park E, Ste 100, Tukwila, WA 98188

  Climate Forward                                         (253) 850-9415
    http://www.kentchamber.com
    DO NOT PUBLISH, Kent, WA 98032

  CMG Home Loans                                          (206) 915-3742
    http://www.ericismybanker.com
    16040 Christensen Road, Tukwila, WA 98188

  Coastal Coffee Company                                  (206) 548-6607
    http://Www.coastalcoffeewa.com
    10005 se 235th st, Kent, WA 98031

  Coates Heater Mfg. Inc                                  (253) 872-7256
    http://www.coatesheater.com
    840 5th Ave South, Kent, WA 98032

  Cogir Senior Living                                     (253) 549-9300
    https://cogirusa.com/communities/cogir-of-kent/
    25035 104th Ave SE, Kent, WA 98032

  Coldwell Banker Bain                                    (253) 854-1770
    207 W Kent Station St., Kent, WA 98032

  Collage Kitchen                                         (941) 592-1117
    http://www.kentchamber.com
    27124 150th Pl SE, Kent, WA 98042

  College Success Foundation                              (425) 416-2000
    15500 SE 30th Place, Suite 200, Bellevue, WA 98007

  Comcast Business                                        (425) 218-7774
    410 Valley Ave NW, Puyallup, WA 98371

  Commercial Cleaning Services, Inc.                      (206) 763-8998
    http://none
    PO Box 13508, Des Moines, WA 98198

  Communities In Schools of South King County             (253) 867-5637
    http://www.ciskent.org
    202 W. Gowe St. #D, Kent, WA 98032

  Community Network Council                               (253) 332-7193
    https://wacnc.org/
    1819 Central Ave S Ste 72, Kent, WA 98032

  ConceptShell Art and Design Studio                      (206) 384-5044
    https://www.concept-shell.com/
    3400 Harbor Ave SW, Seattle, WA 98126

  Connect Our Elders - Western WA                         (206) 705-3010
    http://www.connectoureldersww.com
    1310 S 262nd St, Des Moines, WA 98198

  Covington Chamber of Commerce                           (253) 329-0999
    http://www.covingtonchamber.org
    P O Box 8041, Covington, WA 98042

  Cr8Tyffs LLC                                            (253) 579-3546
    http://www.cr8tyffs.com
    5104 6th Ave, Tacoma, WA 98406

  Crain Photography                                       (206) 242-1440
    http://www.crainphotography.com
    16722 AMBAUM BLBDS, BURIEN, WA 98148

  D & D Enterprize                                        (206) 257-9984
    http://www.melaleuca.com/dbowman
    PO Box 17701, Renton, WA 98055

  D.A. Sound                                              (206) 632-7773
    http://www.dasound.biz

  DAWN (Domestic Abuse Women's Network)                   (425) 902-7863
    http://www.dawnrising.org
    211 W. Gowe St., Kent, WA 98032

  Deborah Young State Farm Agency                         (253) 850-7800
    http://www.deborahyounginsurance.com
    124 4th Ave S, Kent, WA 98032

  Dee Dee Real Estate Group                               (206) 356-8041
    http://www.DeeDeeRealEstateGroup.com
    15215 SE 272nd St, Kent, WA 98042

  Defined Aesthetic                                       (206) 637-6021
    https://choicehealthcare21.com/
    10311 SE 270TH ST, Kent, WA, WA 98030

  Delightful Dining                                       (206) 539-8137
    http://Malsadi4744@gmail.com
    23826 104th AVE SE, KENT, WA 98031

  Department of Community & Human Services                (206) 205-0607
    https://kingcounty.gov/depts/community-human-services.aspx
    RTC Learning Center - Kent, Kent, WA 98032

  Des Moines Chamber of Commerce                          (206) 878-7000
    22030 7th Ave. S., #104, Des Moines, WA 98198

  Dezi's Dinette                                          (360) 728-7289
    http://WWW.KENTCHAMBER.COM
    26411 106th Ave SE, Kent, WA 98030

  Dick's Drive-Ins, Ltd., L.P.                            (206) 634-0300
    http://www.ddir.com
    24220 Pacific Hwy S, Kent, WA 98032

  DiiT training uk consulting                             07723121205
    https://www.diitconsulting.co.uk/
    Flat 2, Gravesend, Gravesend DA11 0bx

  Dimira Beauty                                           (206) 697-5121
    http://test.com
    27834 148th way sw HOME BASED BUSINESS, KENT, WA 98042

  Dino W. Traverso, PLLC                                  (425) 264-0165
    https://dwtpllc.com/
    606 Oakesdale Ave. SW Suite 204, Renton, WA 98057

  Dore Law Group                                          (253) 850-6411
    https://www.dorelawpllc.com
    1122 W. James St., Kent, WA 98032

  Double Dutch Divas                                      (206) 669-8638
    http://www.doubledutchdivasllc.com
    11223 51st Ave S, Tukwila, WA 98178

  Drawing Crowds                                          (515) 519-2679
    http://drawingcrowds.com/
    24420 15th ave S, Des Moines, WA 98198

  Dreams and Visions                                      (206) 446-0199
    , Kent, WA 98032

  Dreams Business Resources                               18339106246
    http://www.kentchamber.com
    19445 Military Rd S, SeaTac, WA 98188

  DSV Air & Sea Inc                                       (206) 878-8001
    https://www.dsv.com/en-us/
    6307 S 228TH ST, KENT, WA 98032

  Dwell at Kent Station L.L.C.                            (206) 233-9600
    http://www.dwellatkentstation.com
    443 Ramsay Way, Kent, WA 98032

  Dynasty Designz                                         (206) 883-2261
    http://www.kentchamber.com
    10120 SE 260th, Kent, WA 98030

  EAGLE AERO LLC                                          (253) 854-1770
    2846 BLAINE AVE NE, RENTON, WA 98056

  Eagle's Nest Community Kitchen                          (206) 578-6921
    http://eaglesnestkitchen.org

  East Pierce County Chamber of Commerce                  (253) 845-6755
    P.O. Box 1298, Puyallup, WA 98371

  EDM Consulting LLC                                      (425) 243-2075
    http://edmconsultingllc.com
    , Covington, WA 98042

  Edmonds Community College                               (425) 640-1459
    20000 68th Ave. W., Lynnwood, WA 98036-5999

  Edward Jones - Andrew Kim                               (253) 872-2600
    https://www.edwardjones.com/us-en/financial-advisor/andrew-kim
    20819 72nd Ave S Suite 130, Kent, WA 98023

  Edward Jones - Cristiaan Priebe                         (253) 850-1498
    https://www.edwardjones.com/us-en
    1851 Central Pl S, Kent, WA 98030

  Edward Jones - Doug Myers                               (206) 824-3096
    https://www.edwardjones.com/us-en/financial-advisor/doug-myers?y_source=1_NjQwOTcyLTcxNS1sb2NhdGlvbi
    22211 Marine View Drive S, Des Moines, WA 98198

  Edward Jones - Marcus Cullen                            (253) 239-4327
    https://www.edwardjones.com/marcus-cullen
    140 Lakeside Ave, Seattle, WA 98122

  Eight Twenty Eight Consulting                           (253) 439-8760
    http://828flow.com

  Eileen & Callie's Place                                 (567) 233-2632
    http://eileenandcalliesplace.org
    P.O. Box 401, Kent, WA 98035

  El Pollo Loco                                           (206) 819-1600
    http://www.elpolloloco.com
    10120 SE 256th St, Kent, WA 98030

  ELECT NEET GREWAL                                       (425) 387-4446
    http://VOTENEET.COM
    23806 115th Pl SE, Kent, WA 98031

  Elect Shukri Olow for State Representative, 47th Legislative District (253) 293-1273
    https://www.electshukriolow.com/

  electsharn                                              (253) 326-9249
    http://electsharn.com
    404 3rd AVE S Kent WA, Kent, WA 98031

  Elite Garage Door                                       (206) 934-1234
    https://www.elitegaragewa.us/
    3625 36th Ave S, Seattle, WA 98144

  Emerging Leaders of Kent Non Profit                     (253) 854-1770
    , Kent, WA 98032

  Enae Essentials                                         (206) 887-6067
    http://www.enaeessentials.com
    1621 Central Ave S Suite S, Kent, WA 98032

  Enlighting Struck Design                                (206) 229-9438
    http://www.enlightingdesign.com
    146 Washington Ave N, Kent, WA 98032

  Enriched Quality Care Homes                             (206) 419-3099
    http://enrichedqualitycarehome.com
    11302 SE 219th Pl, Kent, WA 98031

  Enumclaw Chamber of Commerce                            (360) 825-7666
    http://www.enumclawchamber.com
    1421 Cole St., Enumclaw, WA 98022

  Evoke Video                                             (206) 817-8117
    http://evokevid.com
    29628 1st Ave S, Federal Way, WA 98003

  Exotic Metals Forming Division of Parker Aerospace      (253) 395-3710
    http://www.exoticmetals.com
    5800 South 226th Street, Kent, WA 98032

  Express Employment Professionals                        (253) 850-1344
    http://www.expresspros.com/kentwa
    841 N Central Ave, Ste H100, Kent, WA 98032

  Ezee Fiber                                              (832) 208-6696
    http://ezeefiber.com
    5959 CORPORATE DR STE 2000, HOUSTON, TX 77095

  F3                                                      (206) 353-6127
    https://f3southsound.com/
    10621 Se 273rd Ct, Kent, WA 98030

  Farmers Insurance - Sarmiento Agency                    (425) 291-9176
    https://agents.farmers.com/wa/kent/jose-sarmiento-coronado
    8009 S 180th Street, Kent, WA 98032

  Farrington Court Senior Living                          (253) 852-2737
    https://stellarliving.com/communities/farrington-court-assisted-senior-living-kent-wa/?gclid=EAIaIQo
    516 kenosia Avenue South, Kent, WA 98030

  FASTSIGNS KENT SOUTHCENTER                              (206) 575-2110
    http://www.Fastsigns.com/157
    7825 S 180th St, Kent, WA 98032

  FBCPA  Group PS, Inc.                                   (253) 833-5304
    http://www.fb-cpa.com
    P.O. Box 490, Auburn, WA 98071

  Federal Way Chamber of Commerce                         (253) 838-2605
    P. O. Box 3440, Federal Way, WA 98063

  Ferrells Fire Equipment                                 (855) 222-5654
    http://www.ferrellsfire.com
    PO 381, Kent, WA 98305

  Fife Chamber of Commerce                                (253) 922-9380
    5303 Pacific Highway E., Suite 272, Fife, WA 98424

  FinFitLife                                              (206) 698-7003
    http://www.finfitlife.com
    20415 72nd S, Kent, WA 98032

  First Citizens Bank                                     (253) 518-2896
    http://firstcitizens.com
    6703 South 234th Street #100, Kent, WA 98032

  First Five Years & Beyond                               (206) 832-6518
    http://www.ffyb.org
    302W. Harrison St. Suite 101, Kent, WA 98032

  FlareAI                                                 (786) 345-3990
    https://theflare.ai/
    1688 Meridian Avenue, Miami Beach, FL 33138

  Freedom Equity Group / Dreams Business Resources        (208) 640-1929
    http://Roger.FEGTeam.com
    1819 Central Ave S., Kent, WA 98032

  Freelove Orthodontics & Smile Design                    (253) 852-7331
    http://freeloveorthodontics.com/orthodontist-kent-wa/
    10920 SE 208th St, Kent, WA 98031

  FW Black Collective                                     (206) 317-1864
    https://www.fwblackcollective.com/
    33530 1st Way S, FEDERAL WAY, WA 98003

  G Squared Consulting LLC                                (206) 713-6229
    http://www.squaredsuccess.com
    13107 SE 228th Place, Kent, WA 98031

  Gail Hill, the Financial Coach                          (253) 630-6745
    http://gailhill.com
    1405 Central Ave S, Kent, WA 98032

  Garden Barb                                             (253) 740-0986
    https://www.facebook.com/barb.blackford.7
    26838 166th PL SE, Covington, WA 98042

  Gary Lee                                                (253) 854-9257
    10516 SE 233rd Pl, Kent, WA 98031

  GATEWAY COMFORT CARE LLC                                (206) 458-2125
    http://WWW.GATEWAYCOMFORTCARE.COM
    24930 107TH AVE SE, KENT, WA 98030

  Gateway Comfort Care LLC                                (206) 458-2125
    http://www.gatewaycomfortcare.com
    24930 107th Ave SE, Kent, WA 98032

  Gellner Law                                             (425) 235-5535
    http://www.gellner-law.com
    8407 S. 259th St., Suite 203, Kent, WA 98030

  Gesa Credit Union                                       (509) 378-3100
    http://www.gesa.com
    20540 108th Ave SE, Kent, WA 98031

  Global Credit Union                                     (425) 655-2563
    http://www.globalcu.org/
    10201 SE 240th St, Kent, WA 98031

  Glory House Fellowship Church                           (206) 349-4071
    http://gloryhousefellowshipchurch.org
    2200 West Meeker St, Apt # C -101, Kent, WA 98032

  Gonnason Boats                                          (253) 852-5336
    http://www.gonnasonboats.com
    307 S. Central Ave, Kent, WA 98032

  Goodwill of the Olympics and Rainier Region Kent Outlet (253) 854-2211
    http://goodwillwa.org
    714 South 27th Street, Tacoma, WA 98409

  Goosehead Insurance                                     (253) 218-4902
    http://agents.gooseheadinsurance.com/michael-skarin
    1833 Auburn Way N., Suite F, Auburn, WA 98002

  Gracious Heart AFH                                      (206) 653-9790
    http://www.graciousheartafh.com
    650 S 198th St, Des Moines, WA 98148

  Greaney Scudder Law Firm PLLC                           (253) 859-0220
    http://www.greaneylaw.com
    203 Madison Ave N., Kent, WA 98032

  Greater Kirkland Chamber of Commerce                    (425) 822-7066
    https://kirklandchamber.org/
    401 Park Place, Ste 102, Kirkland, WA 98033

  Greater Maple Valley/Black Diamond Chamber              (425) 432-0222
    http://www.maplevalleychamber.com
    PO Box 302, Maple Valley, WA 98038-0302

  Green City Heating and Air Conditioning                 (206) 249-9772
    https://greencityheatingandair.com/
    311 3rd St NE, Auburn, Washington 98002

  Green Monkeys Studio                                    (206) 551-6177
    https://greenmonkeysstudio.com
    , Kent, WA 98032

  Green River College                                     (253) 833-9111
    http://www.greenriver.edu
    12401 SE 320th St, Auburn, WA 98092-3699

  Greener Cleaner Heating & Air LLC                       (253) 304-9033
    http://www.greenercleanerheating.com
    1916 1st ST NE, AUBURN, WA 98002

  GREENTOP Heating                                        (253) 754-5441
    http://go.greentopheating.com
    10235 SE 260th ST, Kent, WA 98030

  Greenwood Heating & Home Services                       (206) 530-5094
    https://greenwoodheating.com/
    14027 Interurban Ave S, Tukwila, WA 98168

  Grocery Outlet Burien                                   (206) 241-6005
    https://www.groceryoutlet.com/circulars/storeid/127
    236 SW 152nd St, Burien, WA 98166

  Growing Boy Media LLC                                   (206) 659-5352
    http://growingboymedia.com
    2850 Northwest Bucklin Hill Rd #1071 Silverdale, WA 98383 United States, Silverdale, WA 98383

  GSBA Greater Seattle Business Association               (206) 363-9188
    https://thegsba.org/
    400 East Pine Street, Seattle, WA 98122

  Hanis Irvine Prothero, PLLC                             (253) 520-5000
    http://www.hiplawfirm.com
    6703 S 234th St., #300, Kent, WA 98032

  Harborstone Credit Union                                (253) 584-2260
    http://www.harborstone.com
    207 W. Kent Station St. Ste 101, Kent, WA 98032

  HartLaw PLLC                                            (206) 641-6014
    https://yourattorneywithheart.com/
    PO Box 25005, Federal Way, WA 98093

  Hassen Properties, Inc.                                 (206) 824-5939
    3727 S. 194th, SeaTac, WA 98188

  Heritage Bank - Kent                                    (253) 487-7072
    http://www.heritagebanknw.com
    415 W James St., Kent, WA 98032

  Highline College Foundation                             (206) 592-3774
    https://foundation.highline.edu/
    P.O. Box 98000 M/S CV-3, Des Moines, WA 98198

  Highline Water District                                 (206) 824-0375
    http://www.highlinewater.org
    23828 30th Ave S, Kent, WA 98032

  Hillside Assisted Living                                (253) 850-0333
    http://www.hillside-al.com
    112 Kennebeck Ave N., Kent, WA 98030

  Horizoning Cleaning Services LLC                        (425) 500-7436
    http://www.horizon-ing.com
    10670 14th Ave. SW, Seattle, WA 98146

  Hudson's Portrait Design                                (206) 687-7283
    http://www.hudsonportraits.com
    641 Strander Blvd., Tukwila, WA 98188

  Hush Aesthetics                                         (253) 409-6251
    http://www.hush-aesthetics.com
    109 2nd ave s., kent, WA 98032

  IBEW 46                                                 (253) 395-6500
    http://www.ibew46.com
    19802 62nd Ave S, Kent, WA 98032

  Iddins Law Group, PS                                    (253) 854-1244
    https://iddinslaw.com/
    25052 104th Ave SE, Kent, WA 98030

  IDEMIA                                                  (253) 854-1770
    , Kent, WA 98032

  IDShield/LegalShield - Financial Coach 360 Consulting LLC (253) 632-5997
    http://www.meeks_c.weareleagalshield.com
    17967 SE 280th PL, Kent, WA 98042

  iLoveKent.net                                           (425) 941-7847
    http://www.iLoveKent.net
    15106 10th Ave SW, Burien, WA 98166

  Impact Washington                                       (425) 287-6808
    https://www.impactwashington.org/
    3102 Hoyt Ave #2130, Everett, WA 98201

  INAMI COMMUNICATIONS                                    (253) 854-2205
    http://WWW.INAMICOMMUNICATIONS.COM
    10605 SE 240th St - Suite 329, Kent, WA 98031

  Indian American Community Services                      (425) 829-5544
    http://www.IACSWA.org
    16305 NE 87th Street, Redmond, WA 98052

  Insperity                                               (208) 515-6871
    http://www.insperity.com
    10500 NE 8th, Bellevue, WA 98004

  inTech Consulting Inc.                                  (206) 397-8070
    http://www.intechconsulting.us
    25725 101st Ave SE, Kent, WA 98030

  Integrated Living Services                              (253) 813-8706
    http://integratedlivingservices.org
    555 West Smith St. Suite$101, Kent, WA 98032

  Integrity Arts                                          (253) 486-7105
    https://kendraasmith.com
    425  Alexander Ave, Kent, WA 98030

  International Paper                                     (253) 372-1360
    http://www.internationalpaper.com
    1225 6th Avenue North, Kent, WA 98032-2933

  Isernio's Sausage Company                               (253) 395-5465
    http://www.isernio.com
    8222 S. 228th St., Kent, WA 98032

  Jackman Law Firm                                        (206) 457-6030
    708 Broadway, Tacoma, WA 98402

  Jambo African safaris                                   (253) 766-9145
    http://Jamboafricansafaris.com
    24209 62nd way south, Kent, WA 98032

  James Brooks                                            (206) 372-8842
    , Kent, WA 98032

  JLT Web Design & Digital Marketing                      (206) 429-4621
    https://www.JLTwebsolutions.com

  JMK Janitorial Services Inc.                            (206) 913-2555
    https://jmkjanitorial.com/
    19219 68th Ave S, Kent, WA 98032

  John Eihl                                               (206) 650-5226
    24420 64th Ave. S. Apt. 110, Kent, WA 98032-4336

  John Volken Academy/Price Co.                           (253) 929-9903
    http://volken.org
    921 Central Ave. N, Kent, WA 98032

  JP's Taproom+Grill                                      (253) 277-4354
    http://jpsbars.com
    13038 Se kent kangley rd, Kent, WA 98030

  Just Here 2 H.E.L.P. LLC                                (253) 737-6152
    http://www.justhere2help.com
    4210 Auburn Way N. Suite #2, AUBURN, WA 98001

  KCD Trucking                                            (206) 909-0780
    http://KCDTRUCKING.com
    27434 48th Ave S, Kent, WA 98032

  Kelly Services                                          (253) 395-3882
    https://www.kellyservices.com/
    20829 72nd Ave South, Kent, WA 98032

  Ken cleaning services LLC                               (425) 528-3395
    http://Www.ken-cleaning.com
    5601 s 234th st, Kent, WA 98032

  Kent Black Action Commission                            (253) 486-9029
    https://kentblackactioncommission.org/welcome-to-kbac/
    24914 109th Pl SE #A, Kent, WA 98030

  Kent Breakfast Club                                     (253) 970-3700
    http://www.kentbreakfastclub.com

  Kent Chamber of Commerce                                (253) 854-1770
    http://WWW.KENTCHAMBER.COM
    524 West Meeker St. Suite 1, Kent, WA 98032

  Kent Community Foundation (KCF)                         (206) 786-1546
    http://www.kentcommunityfoundation.org

  Kent Downtown Partnership (KDP)                         (253) 813-6976
    http://www.downtownkentwa.com
    202 West Gowe Street, Suite A, Kent, WA 98032

  Kent East Hill Nursery                                  (253) 631-5320
    https://www.kenteasthillnursery.com/
    11644 SE 240th St, Kent, WA 98031

  Kent Library                                            (253) 859-3330
    212 N. 2nd Ave., Kent, WA 98032

  Kent Licensing Agency, Inc.                             (253) 852-3110
    http://www.kentlicensing.com
    22717 72nd Ave S suite # b-108, Kent, WA 98032

  Kent Lions Club                                         (253) 852-5466
    http://www.kentlionsclub.org
    P.O. Box 5094, Kent, WA 98064-5294

  Kent Public Records                                     (253) 243-3721
    https://washington.staterecords.org/king/kent
    , Kent, WA 98032

  Kent Reporter                                           (253) 872-6600
    http://www.kentreporter.com
    909 S 336th St Ste 105, Federal Way, WA 98003

  Kent Staples                                            (253) 854-2677
    https://stores.staples.com/wa/kent-(seattle)/25420-104th-ave-se?cmpid=st_ll_goo&amp;cid=LS:RETAIL:G
    25420 104th Ave SE, Kent, WA 98031

  Kent Station Shopping Center                            (253) 856-2301
    http://www.kentstation.com
    417 Ramsay Way, Suite 110, Kent, WA 98032

  Key Growth Coaching and Consulting                      (206) 715-4500
    http://www.keygrowthcoaching.com
    22010 16th S, Des Moines, WA 98198

  Key Mechanical Co. of Washington                        (253) 872-7392
    http://www.keymechanical.com
    19430 68th Ave S #B, Kent, WA 98032

  Key Trucking, Inc.                                      (253) 395-3677
    http://www.keytrucking.com
    19657 78th Ave S #6, Kent, WA 98032

  King County Library System                              (206) 433-3137
    http://www.kcls.org
    212 2nd Ave. N., Kent, WA 98032

  King County Metro                                       (206) 553-3000
    https://Kingcounty.gov/metro/ondemand
    , Kent, WA 98032

  King County Metro - Vanpool Program                     (206) 625-4500
    http://www.kingcounty.gov/kentvanpool
    201 S Jackson St,, SEATTLE, WA 98104

  Lake Meridian Water District                            (253) 631-3770
    http://lakemeridianwater.com
    27224 144th Ave SE, Kent, WA 98042

  Lamar Advertising                                       (206) 682-3833
    http://lamar.com/seattle
    3601 6th Ave S, Seattle, WA 98134

  Laro Tayo, LLC                                          (253) 854-1770
    http://www.larotayokent.com
    WA

  Law Office of Ken Christensen                           (206) 595-7176
    http://www.kentchamber.com
    34028 44TH AVE S, AUBURN, WA 98001

  Law Office of Kim-Khanh T. Van, PLL                     (206) 304-0642
    http://Www.Kkvlaw.com
    327 Williams Ave S., Renton, WA 98057

  Law Office of Mark McClure, PS                          (253) 631-6484
    http://www.mcclurelawgroup.com
    1103 W Meeker St, Ste 101, Kent, WA 98032-5714

  Leadership Tomorrow                                     (253) 854-1770
    , Kent, WA 98032

  Learning Land Kent Campus, LLC                          (253) 217-5259
    http://learninglandchildcare.com
    12808 SE Kent Kangley RD, Kent, WA 98030

  Lela Jewels LLC                                         (253) 653-2881
    http://www.lelajewels.store
    23312 112th Ave SE, Kent, WA 98031

  Lend a Hand                                             (253) 682-8898
    https://www.facebook.com/lendahandcommunityoutreach
    11012 Canyon Road East, Puyallup, WA 98373

  Lets Make A Match Homes, Keller Williams Mountains to Sound (206) 852-4203
    http://hilaryokrent-grilley.kw.com
    22255 215 AVE SE, Maple Valley, WA 98030

  Live to Leave Your Legacy                               (206) 455-5318
    http://www.LivetoLeaveYourLegacy.com
    21430 40th Pl S, Seatac, WA 98198

  LiveBetter Insurance Group                              (808) 754-1136
    http://www.livebetterinsurance.com
    20403 122nd St Ct E, Bonney Lake, WA 98391

  Llewellyn Real Estate                                   (253) 852-1898
    http://www.llewellynre.com
    P.O. Box 902, Kent, WA 98035

  Logan Evans for House                                   (253) 249-6408
    http://loganforhouse.com
    14901 SE 272nd ST, Kent, WA 98042

  Lot No. 68                                              (425) 301-1158
    http://www.lotno68.com
    6822 Pinehurst Ave SE, Snoqualmie, WA 98065

  Love 4 Life Wellness                                    (417) 300-2796
    http://www.love4lifewellness.com
    20112 105th ave se, Kent, WA 98031

  Lucky Dog Auto Glass                                    (253) 569-9403
    http://www.luckydogglass.com
    1510 Central Ave S, Kent, WA 98032

  Lulu Marketing Services LLc                             (206) 742-1972
    http://NA
    21505 48th Ave W,H205, Mountlake Terrace, WA 98043

  M & J Networking & Coaching                             (206) 349-4071
    https://mjnetworkingandcoaching.com/
    1819 Central Ave D-58, Kent, WA 98032

  Mad Energy                                              (206) 465-4539
    http://madenergynw.com
    16542 162nd Place SE, Renton, WA 98058

  Make It Rain Fitness                                    (253) 886-9085
    http://makeitrainfitness.com
    231 1st Ave S, Kent, WA 98032

  Mama Stortini's                                         (253) 854-5050
    http://www.mamastortinis.com
    240 W Kent Station Suite 104, Kent, WA 98032-4505

  Manheim Seattle                                         (253) 872-6800
    http://manheim.com
    19711 77th Ave South, Kent, WA 98032

  Mary Kay - Caitlyn Johnson                              (916) 769-2195
    https://www.marykay.com/chertel/
    1608 8th St NE, Auburn, WA 98002

  Mary Kay Cosmetics - Charlotte A. Jacobs                (206) 218-4124
    http://www.marykay.com/cjacobs2012
    6727 Rainier Ave S, Seattle, WA 98118

  Masterful Plumbing LLC                                  (206) 450-7502
    http://www.masterfulplumbingllc.com
    27225 113th Pl SE, Kent, WA 98030

  Matthew Marcel LLC                                      (253) 487-4507
    http://N/A
    1024 Central Ave N, Kent, WA 98032

  McKinnon International                                  (206) 633-1616
    1101 N. Northlake Way, Suite 105, Seattle, WA 98103

  McMonigle Veterinary Hospital PLLC                      (253) 852-3565
    http://www.mcmoniglevet.com
    1014 Central Ave N, Kent, WA 98032

  Medosweet Farms                                         (253) 852-4110
    http://www.medosweet.com
    P.O. Box 749, Kent, WA 98035-0749

  Meek Life 2, LLC, dba HOTWORX Kent (Lake Meridian)      (253) 653-4514
    https://www.hotworx.net/studio/kent-lakemeridian
    15610 SE 272nd ST., Kent, WA 98042

  MENTOR Washington                                       (206) 427-5401
    http://mentorwashington.org
    DO NOT PUBLISH 15500 SE 30th Pl, Bellevue, WA 98007

  Michele Hunt Realtor - REAL Brokerage LLC               (206) 334-7449
    http://www.huntforhomeswa.com
    , Kirkland, WA 98033

  Middleton Enterprises                                   (206) 660-0371
    http://www.kentchamber.com
    25811 29th Pl SE, Kent, WA 98030

  MindfulCONVERSION                                       (206) 401-1000
    http://mindfulconversion.com
    23318 SE 218th St, Maple Valley, WA 98038

  Minuteman Press  Kent                                   (425) 251-4925
    http://kent-wa.minutemanpress.com
    1819 Central Ave S, Kent, WA 98032

  Modern Blueprint Construction LLC                       (310) 367-7368
    http://www.kentchamber.com
    25318 157th Pl SE, Covington, WA 98042

  Monilin Photo Booth                                     (206) 683-5989
    http://www.kentchamber.com
    Monica L Burr, Kent, WA 98031

  MOTHER AFRICA                                           (253) 277-7625
    http://WWW.MOTHERAFRICA.ORG
    1209 Central Ave S., Kent, WA 98032

  Motors and Controls Corp.                               (253) 872-8010
    https://www.motors-controls.com/
    8030 S 222nd St., Kent, WA 98032

  Move Northwest                                          (206) 336-2545
    http://www.movenw.com
    19615 Russell Rd, KENT, WA 98032

  Movement Mortgage - Jessica Talton                      (206) 551-4058
    https://movement.com/lo/jessica-talton
    441 Ramsay Way, Kent, WA 98032

  MTI Worldwide Logistics                                 (206) 431-4366
    16040 Christensen RD #320, Seattle, WA 981811

  Multi-Service Center                                    (253) 838-6810
    http://www.mschelps.org
    1200 S. 336th Street, Federal Way, WA 98003

  MultiCare Health System - Tacom                         (253) 459-8037
    http://www.multicare.org
    PO Box 5299, H2-MHW, Tacoma, WA 98415-0299

  My Perfectly Imperfect Boutique                         (206) 418-9775
    http://ww.myperfectlyimperfectboutique.com
    17433 SE 257th St, Covington, WA 98042

  Nakamura USA                                            (206) 682-9418
    1 Union Square, Seattle, WA 98101

  Nana's Southern Kitchen                                 (253) 243-6711
    https://nanassouthernway.com/
    10234 SE 256th St, Kent, WA 98030

  Nations Realty LLC                                      (206) 423-9999
    http://www.Nationsrealtyllc.com
    24860 Pacific Hwy S. Suite 201, Kent, WA 98032

  New American Funding - Jenny Lyn Tran, Loan Officer, NMLS: 1454919 (206) 290-5163
    http:// naf.com/Jennylyntran
    12220 113th Ave NE, Ste. 120, Kirkland, WA 98034

  New Era Staffing & HR Solutions                         (253) 887-0746
    https://www.newerahrsolutions.com/
    903 East Main Street, Auburn, WA 98002

  Newberry Realty, Inc.                                   (253) 630-6316
    http://www.newberryrealty.com
    13240 SE 272nd St., Kent, WA 98042

  Newfangled Commerce                                     (888) 899-3622
    http://www.newfangledcommerce.com
    22513 Marine View Dr. S., Des Moines, WA 98198

  Nexus Rideshare                                         (425) 941-2723
    http://www.nexusrideshare.com
    1819 Central Ave S, Kent, WA 98123

  Ni mimi Arts                                            (253) 219-1140
    http://Nimimiarts.com
    9033 E D st, Tacoma, WA 98445

  Nissin International Transport USA, Inc                 (206) 734-3447
    http://www.nitusa.com
    18436 Cascade Ave S, Tukwila, WA 98188

  Noah's Truck LLC                                        (626) 271-0301
    http://noahstruck.com
    7100 Fort Dent Way, #100, Tukwila, WA 98198

  Nokomis Advisory Services                               (206) 355-1769
    http://www.nokomisadvisory.com
    , Kent, WA 98042

  Northwest Expert Heating LLC                            (253) 398-6848
    https://www.northwestexpertheating.com/
    1020 344th St Ste 209, Federal Way, WA 98003

  Northwest Fire Systems                                  (425) 996-2078
    http://Www.Nwfiresystems.com
    22645 83rd Ave S., Kent, WA 98032

  Northwest Payment Brokers                               (253) 336-6321
    http://www.nwpaymentbrokers.com
    500 S 336th St Suite 107, Federal Way, Washington 98003

  Northwest Trophy & Awards                               (425) 485-4149
    https://www.nwtrophy.com/
    13440 NE 177th Pl., Woodinville,, WA 98072

  Northwest Welding & Gases                               (253) 520-2114
    http://www.nwweldingandgases.com
    22220 84th Ave S., Kent, WA 98032

  Nothing Bundt Cakes                                     (206) 451-2331
    https://www.nothingbundtcakes.com/
    17401 Southcenter Pkwy, Tukwila, WA 98198

  NP Information Systems                                  (253) 852-1543
    https://www.npinfo.com/
    1833 Auburn Way North, Auburn, WA 98002

  Nuvision Federal Credit Union                           (253) 872-5136
    http://www.denalifcu.org/washington.html
    19802 62nd Ave S, Kent, WA 98032

  Oasis Bath Solutions                                    (206) 972-1479
    https://www.oasisbathsolutions.com/
    16301 NE 8th Street, Bellevue, WA 98008

  Oberto Snacks Inc                                       (253) 437-6100
    http://www.oberto.com
    7060 Oberto Dr, Kent, WA 98032

  Open Doors for Multicultural Families                   (253) 408-6934
    http://www.opendoorswa.org
    24437 Russell Road, Kent, WA 98037

  Opiela, Lynd                                            (509) 469-0582
    7816 W. Mead Ave., Yakima, WA 98908-1827

  Orion Industries                                        (253) 661-7805
    http://www.orionworks.org
    1590 A St. NE, Auburn, WA 98002

  Osmosis Medi                                            (253) 579-5538

  OST Off-Season Training                                 (206) 856-6591
    http://pnwlegendsfootball.kit.com
    33020 10th Ave Sw, Federal Way, WA 98023

  Ovation at Meeker                                       (253) 939-7900
    http://www.ovationmeekerwa.com
    625 W Meeker St, Kent, WA 98032

  Peer Kent                                               (253) 277-4942
    https://www.peerkent.org/
    216 W Gowe St, Kent, WA 98032

  People First Financial                                  (253) 230-2464
    http://www.people1financial.org
    17615 SE 272nd Street, Covington, WA 98042

  Peoples Injury Network Northwest                        (253) 395-1131
    http://PINNRehab.com
    22415 68th Ave S, Kent, WA 98032

  Photo Vision Photography                                (206) 618-6904
    http://www.dondinsmore.com
    P.O. Box 6631, Kent, WA 98064

  Pike Plumbing & Sewer                                   (206) 586-3555
    http://pikewa.com
    26530 Woodland WAy S, Kent, WA 98030

  Piroshky Piroshky                                       (206) 999-7456
    https://piroshkybakery.com
    26002 Pacific Hwy S, Kent, Washington 98032

  PLEMMONS INDUSTRIES                                     (253) 854-2600
    http://www.plemmonsindustries.com
    1311 CENTRAL AVE S, KENT, WA 98032

  Polyform U.S.                                           (253) 872-0300
    http://www.polyformus.com
    7030 S. 224th, Kent, WA 98032

  Popcorn Concierge                                       (206) 651-4606
    http://www.popcornconcierge.com
    Washington

  Port Jobs                                               (206) 787-3882
    http://www.portjobs.org
    1001 SW Klickitat Way, Seattle, WA 98134

  Port of Seattle                                         (206) 728-3034
    P O Box 1209, Seattle, WA 98111

  Port Orchard Roofing                                    (360) 469-6404
    https://poroofing.com/port-orchard-roofing
    2799 SW Treehouse Way,, Port Orchard,, WA 98367

  Pretti-On-Purpose LLC dba Beyond Us MTR                 (425) 652-4410
    http://www.beyondusmtr.com
    17741 93rd Avenue Court East, Puyallup, WA 98375

  Professional Engineering Services LLC                   (425) 919-8592
    http://www.my-pe.com
    11919 SE 199th Ct., KENT, WA 98031

  Profinish Inc Collision Repair                          (253) 850-9422
    http://Profinishkent.com
    1506 Central Ave S., Kent, WA 98032

  Project Feast                                           (253) 236-5297
    http://projectfeast.org
    202 W Gowe St, Kent, WA 98032

  Prologue Digital                                        (253) 981-3242
    http://www.prologuedigital.com
    1851 Central Place S, Kent, WA 98030

  Puget Sound Energy                                      (888) 225-5773
    http://www.pse.com
    6905 South 228th St., Kent, WA 98032

  Puget Sound Regional Fire Authority                     (253) 856-4300
    http://www.pugetsoundfire.org
    20811 84th Ave S, Kent, WA 98032

  Puget Sound Training Center                             (425) 656-5950
    http://www.pstrainingcenter.org
    270 SW 43rd St bldg. 3, Renton, WA 98057

  Pure Home Health Care                                   16162127670
    http://www.purehomehealthcare.com
    3501 Lake Eastbrook Blvd.SE, Grand Rapids, MI 49546

  Quick Quack Car Wash                                    (888) 772-2792
    http://dontdrivedirty.com
    11624 Kent-Kangley Rd, Kent, WA 98030

  Rainier Glass Co., Inc.                                 (253) 872-8697
    http://www.rainierglass.com/
    P.O. Box 717, Kent, WA 98035-0717

  Ramada by Wyndham Kent Seattle Are                      (253) 395-4300
    https://www.wyndhamhotels.com/ramada/kent-washington/ramada-kent-seattle-area/overview
    22318 84th Ave S, Kent, WA 98032

  Ray Coleman                                             (253) 847-8718
    8419 192 Court E, Spanaway, WA 98387

  RE Property Solutions LLC                               (206) 396-3622
    http://Homevestors.com
    555 Andover Park W #200, Tukwila, WA 981, Tukwila, WA 98188

  Renton Technical College Foundation                     (425) 235-7867
    http://www.rtc.edu/foundation
    3000 NE 4th St, Renton, WA 98056-4195

  Republic Services                                       (253) 872-7220
    http://www.republicservices.com/site/kent-wa/en/Pages/home.aspx
    22010 76th Ave S., Kent, WA 98032

  Ripple Fiber                                            (303) 493-0211
    https://ripplefiber.com/
    1120 Industry Dr, Tukwila, WA 98188

  Rivas Technology Group                                  (425) 954-6003
    http://www.rivastechgroup.com
    415 Railroad Ave S, Kent, WA 98032

  RoofSmart                                               (206) 487-4877
    http://www.getroofsmart.com
    801 Central Ave N, Kent, WA 98032

  Rotary Club of Kent                                     (253) 854-1770
    http://www.KentRotary.com
    P.O. Box 1432, Kent, WA 98035

  Rotary Club of Kent-Sunrise                             (253) 854-1770
    http://rotary-kent-sunrise.flywheelsites.com/?fbclid=IwAR1oFYYBncfNsx3w2kuymIJFpN2-Ar4gr3HjVFlMHwFkIT3wd9a0M0o2Ytc
    P.O. Box 813, Kent, WA 98035

  Roto-Rooter Plumbing & Water Cleanup                    (253) 759-4089
    http://www.rotorooter.com/kentwa/
    25130 74th Ave S, Kent, WA 98032

  Rottler MFG                                             (253) 872-7050
    http://rottlermfg.com
    8029 S 200th St., Kent, WA 98032

  Salal Credit Union                                      (206) 482-3162
    http://www.salalcu.org
    690 Strander Blvd, Tukwila, WA 98188

  Salem Communications                                    (206) 269-6273
    http://www.salemseattle.com
    2201 Sixth Avenue, Seattle, WA 98121

  SAMARITAN WORLDVIEW                                     (253) 237-4211
    http://WWW.SAMARITANWORLDVIEW.ORG
    NA, covington, WA 00000

  School of Rock - Kent                                   (425) 400-7625
    http://www.schoolofrock.com/locations/kent
    445 Ramsay Way, Kent, WA 98032

  Scully Insurance Agency                                 (253) 277-8922
    http://www.scullyagency.com
    302 W. Harrison St, Kent, WA 98032

  Sea Axe                                                 (253) 737-5942
    http://seaaxe.com
    335 E Main St., Auburn, WA 98002

  Seattle Metropolitan Chamber of Commerce                (206) 389-7200
    301 Fifth Avenue, Seattle, WA 98101

  Seattle Sabercats                                       (253) 353-4060
    http://www.seattlesabercats.com
    15 Oregon Ave, Tacoma, WA 98409

  Seattle Seawolves                                       (206) 219-1504
    http://www.seawolves.rugby
    14900 Interurban Ave, Seattle, WA 98168

  Seattle Thunderbirds Hockey Club                        (253) 239-7825
    http://www.seattlethunderbirds.com
    625 W James Street, Kent, WA 98032

  Seattle's Union Gospel Mission                          (206) 723-0767
    http://www.ugm.org
    3800 S. Othello St., Seattle, WA 98118

  Seattle's Union Gospel Mission                          (206) 432-8453
    http://kenthope.org
    9009 Canyon Drive, Kent, WA 98030

  Seattle-King County Assn of Realtors                    (253) 630-5541
    http://www.nwrealtor.com
    29839 154th Ave SE, Kent, WA 98042-4557

  Senator Karen Keiser                                    (360) 786-7664
    219 John A. Cherberg Building, Olympia, WA 98504-0403

  Senator Kauffman                                        (253) 854-1770
    , Kent, WA 98032

  Senior Care Inn AFH                                     (253) 486-8866
    http://www.seniorcareinnafh.com
    12235 SE 259th Pl, Kent, WA 98030

  Serene Hearts AFH                                       (206) 429-2064
    http://www.sereneheartsafh.com
    22620 24th ave south, Des Moines, WA 98198

  Service Business Equipment & Sales, Inc.                (253) 395-5500
    http://www.greatcopiers.net
    7082 South 220th St., Kent, WA 98032

  Service For A Purpose                                   (360) 926-6294
    http://Serviceforapurpose.org
    100 N Howard St, Spokane, WA 99201

  Shade of Africa Women Empowerment                       (253) 204-6503
    https://shadeofafricawomenempowerment.org/contact-us-2/
    P.O BOX 503, Kent, WA 98035

  Shannon & Associates, LLP                               (253) 852-8500
    http://www.shannon-cpas.com
    1851 Central Pl S, Ste 225, Kent, WA 98030-7507

  Sharp Electronics                                       (425) 885-4755
    https://www.sharp-sbs.com
    11201 SE 8th St. #100, Bellevue, WA 98004

  Sherwin Williams                                        (253) 856-1106
    http://www.sherwin-williams.com
    25934 104th ave se, Kent, WA 98030

  ShoWare Center                                          (253) 856-6777
    https://www.accessoshowarecenter.com/
    625 W. James St., Kent, WA 98032

  Signature Pointe Apartments                             (253) 850-6900
    http://www.signaturepointe.com
    25102 62nd Ave S., Kent, WA 98032

  Singsaas, Conrad                                        (425) 313-1987
    4535 Providence Point PL SE, #104, Issaquah, WA 98029

  SKCAC Industries and Employment Services                (253) 395-1240
    http://www.skcac.org
    19731 Russell Rd S, Kent, WA 98032-1117

  Skyline Properties- Clayton Duke                        (206) 371-0553
    https://www.skylineproperties.com/
    1851 Central Pl S, Kent, WA 98030

  Smith Brothers Farms, Inc.                              (253) 852-1000
    http://www.smithbrothersfarms.com
    26401 79th Ave. S., Kent, WA 98032

  Society of St. Vincent de Paul of Seattle/King Co.      (206) 686-5287
    http://www.svdpseattle.org
    310 Central Ave No, Kent, WA 98032

  Somali Independent Business Alliance                    (206) 613-9085
    http://thesiba.org
    14200 International Blvd Suite # 151_Roo, Tukwila, WA 98168

  Soos Creek Water & Sewer District                       (253) 630-9900
    http://www.sooscreek.com
    14616 SE 192nd St., Renton, WA 98058-9420

  Sound                                                   (206) 901-2000
    http://www.sound.health
    6400 Southcenter Boulevard, Tukwila, WA 98188

  Sound Credit Union                                      (253) 552-2928
    http://www.soundcu.com
    10914 SE Kent-Kangley Road, Kent, WA 98030

  Sound Transit                                           (206) 398-5000
    http://www.soundtransit.org
    401 S. Jackson St., Seattle, WA 98104

  Sounders FC 2                                           (253) 752-7707
    http://www.s2tacoma.com
    2502 S. Tyler St., Tacoma, WA 98405

  Star Rentals                                            (253) 854-3922
    http://www.starrentals.com
    21216 64th Ave S, Kent, WA 98032

  Starbucks Kent Flexible Plant                           (425) 305-0480
    18411 - 77th Place S., Kent, WA 98032

  Steffanie Fain                                          (253) 237-3361
    http://www.steffaniefain.com
    705 SW Colewood Lane, Normandy Park, WA 98166

  STEM Paths Innovation Network                           (206) 271-2872
    http://www.stempaths.org
    3407 NE 2nd St, Renton, WA 98056-4183

  Successful Business Dynamics                            (206) 387-0764
    http://www.sbdynamics.com
    25512 151st Pl SE, Covington, WA 98042

  Superior Imprints Inc.                                  (206) 441-7147
    http://www.superiorimprints.com
    7645 S 180th St, Kent, WA 98032

  Sure Lock Escapes                                       (425) 256-1367
    http://www.surelockescapes.com
    404 Harrison St, Kent, WA 98032

  SW King County Chamber of Commerce                      (206) 575-1633
    PO Box 58591, Tukwila, WA 98138

  Sweet Hanako Bakeshop                                   (808) 284-7275
    http://sweethanako.com
    20905 192nd Ave E, Orting, WA, 98360, Orting, WA 98360

  Sweet Themes Bakery                                     (253) 981-4999
    https://sweetthemesbakery.com/
    317 W Meeker St, Kent, WA 98032

  Sweet T’s Unlimited Catering                            (206) 636-6868
    http://Cateringbymst.com
    19516 113th Pl Se, Kent, WA 98031

  Sylvan Learning Kent                                    (253) 656-4313
    http://sylvanlearning.com
    24020 132nd Ave SE Suite C, Kent, WA 98042

  Tacoma Pierce County Chamber of Commerce                (253) 627-2175
    http://www.TacomaChamber.org
    950 Pacific Ave, Tacoma, WA 98402

  Tacoma Rainiers                                         (253) 722-1047
    http://www.tacomarainiers.com
    2502 S. Tyler St., Tacoma, WA 98405

  Tacoma Stars                                            (206) 612-9944
    http://www.tacomastars.com
    364 Upland Drive, Tukwila, WA 98188

  Tacoma Stars                                            184484
    http://www.TacomaStars.com
    364 Upland Drive, Tukwila, WA 98188

  Take Charge Coaching & Consulting LLC                   (360) 402-2232
    http://Takechargecc.com
    4203 s 297th pl, Auburn, WA 98001

  TaxUSign, LLC                                           (206) 678-9983
    http://www.taxusign.com
    112 Railroad Ave S, Kent, WA 98032

  Team Marti - John L. Scott                              (253) 234-7626
    http://www.teammarti.com
    12845 SE Kent Kangley RD, Kent, WA 98030

  Team Reba of RE/MAX Metro Eastside                      (206) 457-2984
    http://www.TeamReba.com
    2312 Eastlake Ave E, Seattle, WA 98102

  TekCare LLC                                             (206) 851-1347
    http://www.tekcarellc.com
    25316 146th Ave SE, Kent, WA 98042

  Tents and Party Rents,LLC.                              (253) 872-6020
    http://www.partyrentsandtents.com
    725 West Saar Street, Kent, WA 98032

  test                                                    (253) 854-1770
    http://test.com
    test, test, WA 98031

  Thai Chili Restaurant                                   (253) 850-5887
    http://www.mythaichili.com
    211 1st Ave S, Kent, WA 98032

  The Boeing Company                                      (425) 266-3514
    http://www.boeing.com
    PO Box 3707, MC 21-76, Seattle, WA 98124-2207

  The Dance Room                                          (206) 550-3679
    http://TheDanceRoomStudio.com
    24020 132nd Ave SE Suite E, Kent, WA 98042

  The Dental Suite                                        (253) 236-0188
    http://www.thedentalsuitewa.com
    15610 SE 272nd St, Kent, WA 98042

  The Dog Stop Kent                                       (425) 364-4603
    https://thedogstop.com/grand-opening-kent-wa/
    405 Washington Ave N, Kent, WA 98032

  The Fornerette Team at Cornerstone First Mortgage       (253) 243-8668
    http://www.theforneretteteam.com
    5038 Tacoma Mall Blvd Suite C, Tacoma, WA 98409

  The Purple Maids                                        (206) 930-9198
    http://thepurplemaids.com
    11900 NE 1st St, Bellevue, wa

  The Ram Restaurant & Brewery                            (253) 520-3881
    http://www.theram.com
    512 Ramsay Way, Kent, WA 98032

  The Renton Printery, Inc.                               (425) 235-1776
    http://www.rentonprintery.com
    315 South 3rd St., Renton, WA 98057

  The Spotless Cleaning                                   (206) 446-4690
    https://thespotlesscleaning.carrd.co/
    23711 100th Ave SE 9 (DO NOT PUBLISH), Kent, WA 98031

  The Tomb Raider Experience Seattle                      (206) 454-0838
    http://www.tombraiderseattle.com
    1122 post ave, seattle, WA 98101

  Thunderbird Community Sports Foundation                 (253) 239-7825
    http://www.thunderbirdsfoundation.com
    625 West James St., Kent, WA 98032

  Tiger Tail USA                                          (206) 395-7811
    http://www.tigertailusa.com
    8504 S 228th St, Kent, WA 98031

  Torklift Central Hitch and Tow                          (253) 854-1832
    http://www.torkliftcentral.com
    315 Central Ave. N., Kent, WA 98032

  Touch of Beauty Medisp                                  (425) 310-2548
    http://touchofbeautymedispa.com
    12001 NE 12th St, Bellevue, WA 98005

  Town Square                                             (913) 951-8428
    http://www.metromediapublishers.com
    14300 Kenneth Rd, Leawood, KS 66224

  Town Square Publications Company                        (253) 854-1770

  Tracey, Dave                                            (425) 277-0977
    108 Wells Ave S, Renton, WA 98055

  Trade Associates, Inc.                                  (253) 854-0090
    http://www.scaleflying.com
    6324 S. 199th Pl., Suite #101, Kent, WA 98032

  Transmission Remanufacturing Co.                        (253) 872-8200
    https://transmissionreman.co
    710 Washington Ave North, Kent, WA 98032

  Trillium Employment Services                            (253) 735-1553
    http://www.trillium.org
    201 Auburn Way N, Auburn, WA 98002

  Trinity Helping Hands                                   (206) 566-2000
    http://www.trinityhelpinghands.org
    930 336st, Federal way, WA 98003

  TVG-Medulla, LLC / Chiro One Wellness Center            (312) 381-8346
    https://medullallc.com/
    10700 SE 208th, Kent, wa 98031

  Two Maids of Kent                                       (253) 239-6172
    https://www.twomaidscleaning.com/kent/
    19226 66th Ave, Kent, WA 980032

  U.S. Bank                                               (253) 852-1234
    http://www.usbank.com
    305 North 4th Ave., Kent, WA 98032

  U.S. Chamber of Commerce                                (425) 774-8094
    3400 188th Street SW, Suite 403, Lynnwood, WA 98037

  U.S. Export Assistance Center                           2065535615232
    2601 Fourth Avenue, Suite 320, Seattle, WA 98121

  Ube Overload                                            (253) 653-7325
    http://www.ubeoverload.com
    28032 151st pl se, Kent, WA 98042

  UTOPIA Washington                                       (253) 478-3941
    https://utopiawa.org/?fbclid=IwAR0xR6sIRtO08CxDJAzI6yPtHApsVtGlu6f1WpAQR9eRBLAyelnDearSsyU
    841 Central Ave N., Kent, WA 98032

  UVA Furem Winery                                        (206) 755-4003
    https://www.uvafurem.com/
    20011 Renton-Maple Valley Rd, Maple Valley, WA 98038

  UW Medicine Primary Care at Kent/Des Moines             (206) 870-8880
    http://www.uwmedicine.org
    23213 Pacific Hwy. S., Kent, WA 98032

  Valley Cities Counseling & Consultation                 (253) 833-7444
    http://www.valleycities.org
    325 West Gowe St, Kent, WA 98032

  Valley Foot and Ankle PLLC                              (425) 226-5656
    http://www.valleyfootandankle.org
    433 SW 41st St, Renton, WA 98057

  Valley Medical Center                                   (425) 690-6777
    http://www.valleymed.org
    400 South 43rd Street, Renton, WA 98055

  Van Siclen, Stocks & Firkins                            (206) 730-2035
    https://www.vansiclen.com
    721 45th Street N.E., Auburn, WA 98002

  VERTEX PROPERTY RELIEF                                  (206) 478-7549
    http://vertexpropertyrelief.com
    6210 S 249TH ST, KENT, WA 98032

  ViagoSEA                                                (253) 266-6752
    https://viagodirect.com/us
    1615 West Smith St, Kent, WA 98032

  VIBE Apartments                                         (253) 859-2910
    http://www.liveatvibe.com
    25220 109th Pl SE, Kent, WA 98030

  Vilkon International Shipping and Logistics             (206) 212-4269
    6506 S. 209th St. Suite 101, Kent, WA 98032

  Vine Maple Place                                        (425) 432-2119
    http://www.vinemapleplace.org
    21730 Dorre Don Way SE, Maple Valley, WA 98038

  Vogel's Carpet & Flooring                               (253) 251-9103
    http://www.vogelscarpet.com
    25520 74th Ave S, Kent, WA 98032

  WA St Bd for Community & Technical Colleges             (360) 753-0878
    319 7th Ave., Olympia, WA 98504-2495

  WaFd Bank                                               (253) 852-9455
    http://www.wafdbank.com
    25812 104th Ave SE, Kent, WA 98030

  Warren Secord Automotive & Tire                         (253) 852-1492
    http://www.warrensecordautomotive.com
    1127 W Smith St., Kent, WA 98032

  Washington Chamber of Commerce Executive                (360) 802-4595
    P. O. Box 1349, Enumclaw, WA 98022

  Washington State Housing Finance Commission             (206) 254-5359
    http://www.wshfc.org
    1000 Second Avenue, Suite 2700, Seattle, WA 98104

  Washington Trust Bank                                   (253) 523-2600
    http://www.watrust.com
    950 Pacific Ave, Tcoma, WA 98402

  WatchTower IT Solutions                                 (425) 247-1625
    http://Www.watchtowerits.com
    555 Andover Park W, TUKWILA, WA 98188

  WaveMAX Laundry - Kent                                  (213) 361-7391
    25642 Pacific Highway South, Kent, WA 98032

  WCP Solutions                                           (253) 850-1800
    http://www.wcpsolutions.com
    23200 64th Ave S, Kent, WA 98032-1845

  Wealth Wave                                             (206) 979-3297
    http://Www.wealthwave.com/bengtjohnson
    2700 RICHARDS ROAD, BELLEVUE, WA 98005

  Wesley Homes                                            (206) 870-1109
    https://wesleychoice.org/communities/des-moines/
    18000 72nd Ave S, Kent, WA 98032

  West Kent Grocery Outlet                                (206) 592-2962
    http://groceryoutlet.com
    26104 Pacific Hwy S, Kent, WA 98032

  William L. Baker, Attorney at Law                       (206) 833-1890
    http://www.seattlewillstrusts.com
    215 E Titus St, Kent, WA 98032

  Windermere Property Management South (WPM South)        (253) 638-9811
    https://wpmsouth.com/
    13106 SE 240th St. Suite 200, Kent, WA 98031

  WINEBOW                                                 (206) 326-5274
    http://www.winebow.com
    7620 South 192nd Street, Kent, WA 98032

  Women in Business Expo Group                            (203) 331-5964
    https://womeninbusinessexpogroup.org/
    po box 1916, Renton, WA 98057

  Workspace Cleaning Services                             (302) 364-4189
    http://Workspacecleaningservices.com
    25027 46th Ave S, Kent, WA 98032

  YMCA of Kent                                            (253) 833-2770
    http://www.seattleymca.org
    10828 SE 248th St., Kent, WA 98030

  Yoli Mexican Restaurant                                 (206) 822-3559
    http://yolimexcianrestaurant.com
    10218 SE 240th St, kent, WA 98031

  Your Money Matters Mentoring                            (206) 636-2828
    http://www.yourmoneymattersmentoring.org
    12113 SE 312th St H206, AUBURN, WA 98092

  YWCA South King County                                  (425) 264-1415
    http://www.ywcaworks.org
    1010 S. 2nd Street, Renton, WA 98057

  ZenBusiness                                             (844) 493-6249
    https://www.zenbusiness.com/
    5511 Parkcrest Drive, Suite 103, Austin, TX 78731

  Zenovia Harris, LLC                                     (206) 331-9438
    http://zenoviaharris.com
    524 West Meeker St. Suite 1, Kent, WA 98032

