MAPLE VALLEY CHAMBER OF COMMERCE — MEMBER DIRECTORY
Scraped: February 23, 2026
Total Members: 207 | Business Categories: 74
================================================================================


━━━━━━━━━━━━━━━━━━━━━━━━━━━━━━━━━━━━━━━━━━━━━━━━━━━━━━━━━━━━━━━━━━━━━━━━━━━━━━━━
  ACCOUNTANTS (4)
━━━━━━━━━━━━━━━━━━━━━━━━━━━━━━━━━━━━━━━━━━━━━━━━━━━━━━━━━━━━━━━━━━━━━━━━━━━━━━━━

  Humphrey Accounting & Tax
    Address:  32616 3rd Ave, Black Diamond, WA, 98010
    Phone:    (360) 469-4170
    Email:    erikh@humphreyaccounting.com
    Website:  www.humphreyaccounting.com
    Contact:  Erik Humphrey

  Maple Valley Tax Service
    Address:  23745 225th Way Southeast, Suite 201, Maple Valley, WA, 98038
    Phone:    (425) 432-5450
    Email:    jonv@atstax.com
    Website:  atstax.com
    Contact:  Jonathan Vert

  Niverson & Associates, CPA
    Address:  PO BOX 1292, Maple Valley, WA, 98038
    Phone:    (425) 340-5930
    Email:    lisa@niversoncpa.com
    Website:  https://niversoncpa.com
    Contact:  Lisa Niverson

  Tax and Business Solutions, LLC
    Address:  28610 Maple Valley-Black Diamond Road, Ste 110, Maple Valley, WA, 98038
    Phone:    (206) 551-7516
    Email:    info@altaxservicesllc.com
    Website:  www.altaxservicesllc.com
    Contact:  Alexsandra Litmanovich


━━━━━━━━━━━━━━━━━━━━━━━━━━━━━━━━━━━━━━━━━━━━━━━━━━━━━━━━━━━━━━━━━━━━━━━━━━━━━━━━
  AESTHETICS (3)
━━━━━━━━━━━━━━━━━━━━━━━━━━━━━━━━━━━━━━━━━━━━━━━━━━━━━━━━━━━━━━━━━━━━━━━━━━━━━━━━

  Lustre Infrared Sauna Studio
    Address:  27203 216th Avenue SE, Suite 11, Maple Valley, WA, 98038
    Phone:    (425) 433-6373
    Email:    info@lustreinfraredsauna.com
    Website:  https://lustreinfraredsauna.com/
    Contact:  Annie Bogart

  MD Cote
    Address:  27203 216th Ave SE , Suite A, Maple Valley, WA, 98038
    Phone:    (425) 413-8292
    Email:    hello@mdcote.net
    Website:  https://www.mdcote.net/
    Contact:  Brittany Hill

  The Sugar Whisperer
    Address:  Southeast 346th Street, Black Diamond, WA, 98092
    Phone:    (253) 569-3336
    Email:    thesugarwhisperer@gmail.com
    Website:  https://www.thesugarwhisperer.com/
    Contact:  Amber Frankliin


━━━━━━━━━━━━━━━━━━━━━━━━━━━━━━━━━━━━━━━━━━━━━━━━━━━━━━━━━━━━━━━━━━━━━━━━━━━━━━━━
  APARTMENTS (2)
━━━━━━━━━━━━━━━━━━━━━━━━━━━━━━━━━━━━━━━━━━━━━━━━━━━━━━━━━━━━━━━━━━━━━━━━━━━━━━━━

  Ascend Apartments
    Address:  26900 242nd Ave SE, Maple Valley, WA, 98038
    Phone:    (425) 559-3933
    Email:    manager@ascendmaplevalley.com
    Website:  https://www.ascendmaplevalley.com/
    Contact:  Veronica Leinum

  Monarch Apartments
    Address:  26285 238th LN SE, Maple Valley, WA, 98038
    Phone:    (425) 433-6571
    Email:    manager@monarchapts.com
    Website:  www.monarchapts.com
    Contact:  Leah Sullivan


━━━━━━━━━━━━━━━━━━━━━━━━━━━━━━━━━━━━━━━━━━━━━━━━━━━━━━━━━━━━━━━━━━━━━━━━━━━━━━━━
  ARTS, CULTURE & ENTERTAINMENT (3)
━━━━━━━━━━━━━━━━━━━━━━━━━━━━━━━━━━━━━━━━━━━━━━━━━━━━━━━━━━━━━━━━━━━━━━━━━━━━━━━━

  Black Diamond Historical Society
    Address:  32627 Railroad Ave, PO Box 1, Black Diamond, WA, 98010
    Phone:    (360) 886-2142
    Email:    museum@blackdiamondmuseum.org
    Website:  blackdiamondmuseum.org
    Contact:  Sherry Evans

  Connect the Hops
    Address:  20931 Southeast 268th Street, Covington, WA, 98042
    Phone:    (360) 592-3508
    Email:    connect.the.hops@gmail.com
    Website:  www.ConnectTheHops.com
    Contact:  Samantha Padilla

  EmpowerMe Arts
    Address:  26837 Maple Valley-Black Diamond Road, Maple Valley, WA, 98038
    Phone:    (425) 970-5571
    Email:    admin@empowermearts.com
    Website:  https://empowermearts.com
    Contact:  Sarah Jolk


━━━━━━━━━━━━━━━━━━━━━━━━━━━━━━━━━━━━━━━━━━━━━━━━━━━━━━━━━━━━━━━━━━━━━━━━━━━━━━━━
  ATTORNEYS AT LAW (3)
━━━━━━━━━━━━━━━━━━━━━━━━━━━━━━━━━━━━━━━━━━━━━━━━━━━━━━━━━━━━━━━━━━━━━━━━━━━━━━━━

  Dale J. Holland, Attorney at Law
    Address:  1837 Cole ST, Enumclaw, WA, 98022
    Phone:    (360) 825-3757
    Email:    dale@dalejholland.com
    Website:  dalejholland.com
    Contact:  Dale Holland

  David L. Moe Attorney, P.S.
    Address:  23745 225th Way SE, Suite 108, Maple Valley, WA, 98038
    Phone:    (425) 432-1277
    Email:    rebecamoe@maplevalleylaw.com
    Website:  maplevalleylaw.com
    Contact:  Rebeca Moe

  Law Office of Daniel J. Neilsen, PLLC
    Address:  23745 225 Way SE, Ste 203B, Maple Valley, WA, 98038
    Phone:    (425) 429-0831
    Email:    djn@djnlawoffice.com
    Website:  djnlawoffice.com
    Contact:  Daniel J. Neilsen


━━━━━━━━━━━━━━━━━━━━━━━━━━━━━━━━━━━━━━━━━━━━━━━━━━━━━━━━━━━━━━━━━━━━━━━━━━━━━━━━
  AUTOMOTIVE (7)
━━━━━━━━━━━━━━━━━━━━━━━━━━━━━━━━━━━━━━━━━━━━━━━━━━━━━━━━━━━━━━━━━━━━━━━━━━━━━━━━

  3rd Ave Eco Wash
    Address:  29455 232ND AVE SE, Black Diamond, WA, 98010
    Phone:    (360) 761-9371
    Email:    lasidnal@gmail.com
    Website:  http://thirdaveecowash.com
    Contact:  Charles Butts

  Automotive Experts Of Maple Valley
    Address:  23312 Maple Valley Black Diamond Road Southeast, Maple Valley, WA, 98038
    Phone:    (425) 906-3854
    Email:    ae@emeraldcarcare.com
    Website:  https://auto-experts.net/
    Contact:  Bobbie Russell

  Bada Boom Detailing
    Address:  Mobile Service, Black Diamond, Black Diamond, WA, 98010
    Phone:    (206) 573-4528
    Email:    contact@badaboomdetailing.com
    Website:  https://badaboomdetailing.com
    Contact:  Tomas Paramo

  Elephant Car Wash
    Address:  27018 Maple Valley Black Diamond Rd SE, Maple Valley, WA, 98038
    Phone:    (425) 432-5773
    Email:    andrew@elephantcarwash.com
    Website:  elephantcarwash.com
    Contact:  Customer Service

  Les Schwab Tire Centers
    Address:  27215 Maple Valley Black Diamond Road SE, Maple Valley, WA, 98038
    Phone:    (425) 413-8688
    Email:    lstcmaplevalley.398@lesschwab.com
    Website:  lesschwab.com
    Contact:  Derek Vickers

  Rainier Automotive Service & Repair Center, LLC
    Address:  23933 SE 264th Street  Suite A, Maple Valley, WA, 98038
    Phone:    (425) 310-1100
    Email:    service@rainierauto.com
    Website:  www.rainierauto.com
    Contact:  Jim Hurlock

  Wilderness Auto Service & Chevron
    Address:  23701 Maple Valley HWY SE, Maple Valley, WA, 98038
    Phone:    (425) 432-1636
    Email:    wildernessautoservice@msn.com
    Website:  wildernessautoservice.com
    Contact:  Eric VanRuff


━━━━━━━━━━━━━━━━━━━━━━━━━━━━━━━━━━━━━━━━━━━━━━━━━━━━━━━━━━━━━━━━━━━━━━━━━━━━━━━━
  BAKERY (5)
━━━━━━━━━━━━━━━━━━━━━━━━━━━━━━━━━━━━━━━━━━━━━━━━━━━━━━━━━━━━━━━━━━━━━━━━━━━━━━━━

  Black Diamond Bakery & Restaurant
    Address:  32805 Railroad Avenue, Black Diamond, WA, 98010
    Phone:    (360) 886-2235
    Email:    blackdiamondbakery@gmail.com
    Contact:  Hyunsik Kim

  Cakepops by Rachel
    Address:  31620 SE 275th Place, Ravensdale, WA, 98051
    Phone:    (360) 920-6839
    Email:    contact@cakepopsbyrachel.com
    Website:  http://www.cakepopsbyrachel.com
    Contact:  Rachel Laukala

  Lydia's Cakes & Confections
    Address:  23330 Maple Valley Black Diamond Rd. Suite B, Maple Valley, WA, 98038
    Phone:    (206) 890-5679
    Email:    info@lydiascakes.net
    Website:  www.lydiascakes.net
    Contact:  Lydia Extein

  Maple Valley Marshmallows
    Address:  22020 SE 278th Place, Maple Valley, WA, 98038
    Phone:    (253) 256-5614
    Email:    mvmarshmallows@gmail.com
    Contact:  Andrea Iaquinto

  Ristretto's Coffee & Wine
    Address:  27203 216th Ave SE, Maple Valley, WA, 98038
    Phone:    (425) 433-6455
    Email:    info@ristrettoscoffeeandwine.com
    Website:  http://ristrettoscoffeeandwine.com/
    Contact:  Lauren Peever


━━━━━━━━━━━━━━━━━━━━━━━━━━━━━━━━━━━━━━━━━━━━━━━━━━━━━━━━━━━━━━━━━━━━━━━━━━━━━━━━
  BANKS, CREDIT UNIONS (4)
━━━━━━━━━━━━━━━━━━━━━━━━━━━━━━━━━━━━━━━━━━━━━━━━━━━━━━━━━━━━━━━━━━━━━━━━━━━━━━━━

  BECU
    Address:  26710 Maple Valley Black Diamond RD SE, Maple Valley, WA, 98038
    Phone:    (206) 439-5700
    Email:    wanda.buddrius@becu.org
    Website:  BECU.org
    Contact:  Holly Ferrier

  KeyBank - Four Corners Branch
    Address:  23905 SE Kent Kangley RD, Maple Valley, WA, 98038
    Phone:    (425) 433-2418
    Email:    anthony_ivery@keybank.com
    Website:  key.com
    Contact:  Anthony Ivery

  KeyBank - Lake Wilderness Branch
    Address:  23928 225th Way SE, Maple Valley, WA, 98038
    Phone:    (425) 433-2501
    Email:    lana_s_hendee@keybank.com
    Website:  key.com
    Contact:  Lana Hendee

  White River Credit Union
    Address:  1499 Garrett Street, Enumclaw, WA, 98022
    Phone:    (360) 825-8050
    Email:    yvette@whiterivercu.com
    Website:  www.whiterivercu.com
    Contact:  Yvette St. Luise


━━━━━━━━━━━━━━━━━━━━━━━━━━━━━━━━━━━━━━━━━━━━━━━━━━━━━━━━━━━━━━━━━━━━━━━━━━━━━━━━
  BREWERIES (1)
━━━━━━━━━━━━━━━━━━━━━━━━━━━━━━━━━━━━━━━━━━━━━━━━━━━━━━━━━━━━━━━━━━━━━━━━━━━━━━━━

  Hops n Drops
    Address:  26420 Maple Valley Black Diamond Rd SE, Ste L-200, Maple Valley, WA, 98038
    Phone:    (425) 433-1111
    Email:    maplevalley@rocksolidrestaurants.com
    Website:  hopsndrops.com
    Contact:  Christina Patrone


━━━━━━━━━━━━━━━━━━━━━━━━━━━━━━━━━━━━━━━━━━━━━━━━━━━━━━━━━━━━━━━━━━━━━━━━━━━━━━━━
  BUILDERS (4)
━━━━━━━━━━━━━━━━━━━━━━━━━━━━━━━━━━━━━━━━━━━━━━━━━━━━━━━━━━━━━━━━━━━━━━━━━━━━━━━━

  Apex Roofing
    Address:  33710 9th Avenue South, Ste 10, Federal Way, WA, 98003
    Phone:    (253) 201-6767
    Email:    partners@contractorindependence.com
    Website:  https://www.apex-roofing.com/federal-way
    Contact:  Patrick Work

  Curtis Lang Custom Homes
    Address:  26250 238th Ln SE, Suite 101, Maple Valley, WA, 98038
    Phone:    (425) 432-3284
    Email:    janice@curtislangcustomhomes.com
    Website:  curtislangcustomhomes.com
    Contact:  Curtis Lang

  TRM Wood Products Co. Inc
    Address:  26700 242nd Ave SE, Maple Valley, WA, 98038
    Phone:    (425) 432-1222
    Email:    john.morris@trmwoodproducts.com
    Website:  trmwoodproducts.net
    Contact:  John Morris

  True Blue Roofing & Siding
    Address:  18407 Renton-Maple Valley Rd, Maple Valley, WA, 98038
    Phone:    (253) 655-9898
    Email:    trueblueroof@gmail.com
    Website:  https://www.trueblueroofs.com
    Contact:  Mike Dechand


━━━━━━━━━━━━━━━━━━━━━━━━━━━━━━━━━━━━━━━━━━━━━━━━━━━━━━━━━━━━━━━━━━━━━━━━━━━━━━━━
  BUSINESS SERVICES (5)
━━━━━━━━━━━━━━━━━━━━━━━━━━━━━━━━━━━━━━━━━━━━━━━━━━━━━━━━━━━━━━━━━━━━━━━━━━━━━━━━

  C and B Awards
    Address:  27635 Covington Way Southeast, Ste 6, Covington, WA, 98042
    Phone:    (253) 631-2986
    Email:    info@candbawards.com
    Website:  https://candbawards.com/
    Contact:  Michael LeCompte

  DeAndre Coulter | Mortgage Loan Officer | Guild Mortgage
    Address:  21371 Southeast 289th Way, Kent, WA, 98042-6857
    Phone:    (206) 390-1216
    Email:    dcoulter@guildmortgage.net
    Website:  www. guildmortgage.com/Deandre coulter
    Contact:  DeAndre Coulter

  East End Lending
    Address:  23714 Southeast 250th Street, Maple Valley, WA, 98038
    Phone:    (631) 680-5185
    Email:    info@eastendlending.com
    Website:  www.eastendlending.com
    Contact:  Adrienne Thorson

  Finexa Pro Corp
    Address:  27630 236th CT SE, Maple Valley, WA, 98038
    Phone:    (206) 944-5006
    Email:    finexaprocorp@gmail.com
    Website:  https://finexa.pro/
    Contact:  Daniel J. Proctor

  ZenBusiness
    Address:  5511 Parkcrest Drive, Suite 103, Austin, TX, 78731
    Phone:    (844) 493-6249
    Email:    outreach@zenbusiness.com
    Website:  https://www.zenbusiness.com/
    Contact:  Cody Brooke


━━━━━━━━━━━━━━━━━━━━━━━━━━━━━━━━━━━━━━━━━━━━━━━━━━━━━━━━━━━━━━━━━━━━━━━━━━━━━━━━
  CATERING (2)
━━━━━━━━━━━━━━━━━━━━━━━━━━━━━━━━━━━━━━━━━━━━━━━━━━━━━━━━━━━━━━━━━━━━━━━━━━━━━━━━

  Batch 3 Ice Cream
    Address:  26215 240th Ave SE, Maple Valley, WA, 98038
    Phone:    (425) 340-4777
    Email:    athompson@batch3icecream.com
    Website:  https://www.batch3icecream.com/
    Contact:  Angela/Brett Thompson

  EJ's Custom Catering
    Address:  30741 3rd Ave, Suite 100, Black Diamond, WA, 98010
    Phone:    (425) 301-6590
    Email:    ejscatering@comcast.net
    Website:  on Facebook
    Contact:  Eric Elmer


━━━━━━━━━━━━━━━━━━━━━━━━━━━━━━━━━━━━━━━━━━━━━━━━━━━━━━━━━━━━━━━━━━━━━━━━━━━━━━━━
  CHURCHES (3)
━━━━━━━━━━━━━━━━━━━━━━━━━━━━━━━━━━━━━━━━━━━━━━━━━━━━━━━━━━━━━━━━━━━━━━━━━━━━━━━━

  Lake Sawyer Church
    Address:  31605 Lake Sawyer Road Southeast, Black Diamond, WA, 98010
    Phone:    (360) 886-8045
    Email:    info@lakesawyerchurch.org
    Website:  https://lakesawyerchurch.org/
    Contact:  Jennifer Lawless

  New Community Church
    Address:  21401 244th Ave SE, Maple Valley, WA, 98038
    Phone:    (425) 432-1359
    Email:    info@newcommunity.us
    Website:  newcommunity.us
    Contact:  Malin Hall

  Taylor Creek Church
    Address:  21110 244th Avenue SE, Maple Valley, WA, 98038
    Phone:    (206) 619-1885
    Email:    jenh@taylorcreekchurch.org
    Website:  taylorcreekchurch.org
    Contact:  Jennifer Henning


━━━━━━━━━━━━━━━━━━━━━━━━━━━━━━━━━━━━━━━━━━━━━━━━━━━━━━━━━━━━━━━━━━━━━━━━━━━━━━━━
  CLASSES (3)
━━━━━━━━━━━━━━━━━━━━━━━━━━━━━━━━━━━━━━━━━━━━━━━━━━━━━━━━━━━━━━━━━━━━━━━━━━━━━━━━

  Children's Dance Theater
    Address:  23730 Maple Valley Black Diamond Rd SE, Maple Valley, WA, 98038
    Phone:    (425) 432-9685
    Email:    info@childrensdancetheater.com
    Website:  https://www.childrensdancetheater.com/
    Contact:  Stephanie Cox

  Ensemble Ballet Theater
    Address:  27081 185th Ave SE, Suite B101, Covington, WA, 98042
    Phone:    (425) 432-9858
    Email:    office@ebtballet.org
    Website:  ebtballet.org
    Contact:  Christy Lane

  Johnsons Home & Garden
    Address:  26625 Maple Valley Black Diamond RD SE, Maple Valley, WA, 98038
    Phone:    (425) 432-3384
    Email:    b.johnson@johnsonshg.com
    Website:  johnsonshg.com
    Contact:  Brad Johnson


━━━━━━━━━━━━━━━━━━━━━━━━━━━━━━━━━━━━━━━━━━━━━━━━━━━━━━━━━━━━━━━━━━━━━━━━━━━━━━━━
  COFFEE (2)
━━━━━━━━━━━━━━━━━━━━━━━━━━━━━━━━━━━━━━━━━━━━━━━━━━━━━━━━━━━━━━━━━━━━━━━━━━━━━━━━

  Kerriston Coffee Roasters
    Address:  23130 224th PL SE, Ste 101, Maple Valley, WA, 98038
    Phone:    (425) 432-2184
    Email:    brenda@javajavacoffee.com
    Website:  kerristoncoffee.com
    Contact:  Brett Habenicht

  Vintage Vino & Espresso
    Address:  24081 SE 264th ST, Ste N-100, Maple Valley, WA, 98038
    Phone:    (425) 413-5164
    Email:    shannon.andersen@comcast.net
    Website:  on Facebook
    Contact:  Shannon Andersen


━━━━━━━━━━━━━━━━━━━━━━━━━━━━━━━━━━━━━━━━━━━━━━━━━━━━━━━━━━━━━━━━━━━━━━━━━━━━━━━━
  COMMUNITY RESOURCES (20)
━━━━━━━━━━━━━━━━━━━━━━━━━━━━━━━━━━━━━━━━━━━━━━━━━━━━━━━━━━━━━━━━━━━━━━━━━━━━━━━━

  City of Black Diamond
    Address:  24301 Roberts Drive, Black Diamond, WA, 98010
    Phone:    (360) 851-4500
    Email:    mayor@blackdiamondwa.gov
    Website:  http://www.blackdiamondwa.gov
    Contact:  Mayor John Adler

  City of Maple Valley
    Address:  22017 SE Wax RD, Ste 200, Maple Valley, WA, 98038
    Phone:    (425) 413-8800
    Email:    city@maplevalleywa.gov
    Website:  maplevalleywa.gov
    Contact:  Laura Philpot

  Covington Water District
    Address:  18631 SE 300th PL, Covington, WA, 98042
    Phone:    (253) 631-0565
    Email:    Charisse.Larson@covingtonwater.com
    Website:  covingtonwater.com
    Contact:  Charisse Larson

  Elk Run Farm
    Address:  27625 228th Avenue Southeast, Maple Valley, WA, 98038
    Phone:    (425) 310-2134
    Email:    elkrunfarm@skcfc.org
    Website:  www.elkrunfarm.wordpress.com
    Contact:  Joy Throndsen

  Enumclaw Expo And Event  Association
    Address:  45224 284th Ave SE, Enumclaw, WA, 98022
    Email:    renep@enumclawexpo.com
    Website:  www.enumclawexpo.com
    Contact:  Rene Popke

  Greater Maple Valley Community Center
    Address:  22010 SE 248th ST, Maple Valley, WA, 98038
    Phone:    (425) 432-1272
    Email:    markp@maplevalleycc.org
    Website:  maplevalleycc.org
    Contact:  Mark Pursley

  Greater Maple Valley Veterans Memorial Foundation
    Address:  23101 224th pl SE, Suite 101, Maple Valley, WA, 98038
    Phone:    (206) 571-2800
    Website:  maplevalleyvets.org
    Contact:  Brett Habenicht

  King County Library System- Maple Valley
    Address:  21844 Southeast 248th Street, Maple Valley, WA, 98038
    Phone:    (425) 432-4620
    Email:    rtreynolds@kcls.org
    Website:  https://kcls.org/locations/maple-valley/
    Contact:  Reka Reynolds

  King County Library- Black Diamond
    Address:  24707 Roberts Drive, Black Diamond, WA, 98010
    Phone:    (360) 886-1105
    Email:    pbodle@kcls.org
    Website:  https://kcls.org/locations/black-diamond/
    Contact:  PhilisAnn Bodle

  Lake Wilderness Arboretum Foundation
    Address:  22520 SE 248th Street, Maple Valley, WA, 98037
    Phone:    (253) 293-5103
    Website:  https://www.lakewildernessarboretum.org
    Contact:  Susan Goodell

  Lake Wilderness Golf Course
    Address:  25400 Witte Road Southeast, Maple Valley, WA, 98038
    Phone:    (425) 432-9405
    Email:    rcox@lakewildernessgc.com
    Website:  lakewildernessgc.com
    Contact:  Ron Cox

  Maple Valley Creative Arts Council
    Address:  23220 Maple Valley HWY, Ste 15, Maple Valley, WA, 98038
    Phone:    (425) 432-0810
    Email:    mvcac@comcast.net
    Website:  maplevalleyarts.com
    Contact:  Mary Jane Glaser

  Maple Valley Days
    Address:  PO Box 575, Maple Valley, WA, 98038
    Phone:    (425) 413-0882
    Email:    info@maplevalleydays.com
    Website:  maplevalleydays.com
    Contact:  Barb Simeona

  Maple Valley Food Bank/Emergency Services
    Address:  21415 Maple Valley HWY, Maple Valley, WA, 98038
    Phone:    (425) 432-8633
    Email:    info@maplevalleyfoodbank.org
    Website:  maplevalleyfoodbank.org
    Contact:  Carl Dodd

  Multi-Service Center
    Address:  1200 South 336th Street, Federal Way, WA, 98003
    Phone:    (253) 838-6810
    Email:    info@mschelps.org
    Website:  newcommunity.us
    Contact:  Sarah McNiesh

  MultiCare Health System
    Address:  202 North Division Street, Auburn, WA, 98001
    Phone:    (800) 342-9919
    Email:    brandon.mencini@multicare.org
    Website:  https://www.multicare.org/
    Contact:  Brandon Mencini

  Puget Sound Regional Fire Authority
    Address:  23775 SE 264th ST, Maple Valley, WA, 98038
    Phone:    (253) 856-4304
    Email:    mjones@pugetsoundfire.org
    Website:  maplevalleyfire.org
    Contact:  Deputy Chief Mark Jones

  Recovery Beyond
    Address:  1505 NW Gilman Blvd, Suite 2, Issaquah, WA, 98027
    Phone:    (253) 778-6161
    Email:    admin@recoverybp.org
    Website:  www.recoverybp.org
    Contact:  William Goodgion

  See Ya Later Foundation
    Address:  204 Auburn Ave., Auburn, WA, 98002
    Phone:    (253) 289-0064
    Email:    infowa@seeyalater.org
    Website:  www.seeyalater.org/home
    Contact:  Brian Williams

  Vine Maple Place
    Address:  PO Box 1092, Maple Valley, WA, 98038
    Phone:    (425) 432-2119
    Email:    michellef@vinemapleplace.org
    Website:  vinemapleplace.org
    Contact:  Michelle Frets


━━━━━━━━━━━━━━━━━━━━━━━━━━━━━━━━━━━━━━━━━━━━━━━━━━━━━━━━━━━━━━━━━━━━━━━━━━━━━━━━
  COMPUTERS, SOFTWARE, IT & WEB (2)
━━━━━━━━━━━━━━━━━━━━━━━━━━━━━━━━━━━━━━━━━━━━━━━━━━━━━━━━━━━━━━━━━━━━━━━━━━━━━━━━

  DCS
    Address:  23849 225th Way SE, Ste 100, Maple Valley, WA, 98038
    Phone:    (425) 578-2200
    Email:    debbie@dcshq.com
    Website:  dcshq.com
    Contact:  Debbie Pangburn

  DrTech LLC
    Address:  24029 SE 258TH Way, Maple Valley, WA, 98038
    Phone:    (425) 437-3027
    Email:    jim@your-drtech.com
    Website:  https://your-drtech.com/
    Contact:  Jim Jameel


━━━━━━━━━━━━━━━━━━━━━━━━━━━━━━━━━━━━━━━━━━━━━━━━━━━━━━━━━━━━━━━━━━━━━━━━━━━━━━━━
  CONSTRUCTION (10)
━━━━━━━━━━━━━━━━━━━━━━━━━━━━━━━━━━━━━━━━━━━━━━━━━━━━━━━━━━━━━━━━━━━━━━━━━━━━━━━━

  Chelette Construction
    Address:  20520 SE 248th ST, Maple Valley, WA, 98038
    Phone:    (425) 432-1218
    Email:    baxtonc@comcast.net
    Website:  on Facebook
    Contact:  Bonnie Chelette

  Fix and Build LLC
    Address:  27651 239th Place Southeast, Maple Valley, WA, 98038
    Phone:    (206) 240-8052
    Email:    sdiupin@gmail.com
    Contact:  Larisa Diupina

  Gear Construction Inc
    Address:  26309 222nd Avenue Southeast, Maple Valley, WA, 98038
    Phone:    (425) 200-7377
    Email:    info@gearconstruction.us
    Website:  https://gearconstruction.us
    Contact:  Aaron Gear

  Kairos Outdoor Living
    Address:  21625 Maxwell Rd SE, Maple Valley, WA, 98038
    Phone:    (206) 280-9704
    Email:    info@kairosoutdoorliving.com
    Website:  https://www.kairoslandscapes.com/
    Contact:  Jody Guerra

  Loderi Home Management LLC
    Address:  22214 238th Place Southeast, Maple Valley, WA, 98038
    Phone:    (206) 375-0158
    Email:    adam@loderihome.com
    Website:  www.loderihome.com
    Contact:  Adam Matschek

  Malone's Landscape Design Build
    Address:  PO Box 9260, Covington, WA, 98042
    Phone:    (253) 638-2080
    Email:    dmalone@maloneslandscape.com
    Website:  maloneslandscape.com
    Contact:  Debbie Malone

  Maple Valley Electric, Inc.
    Address:  26828 Maple Valley HWY - PMB 275, Maple Valley, WA, 98038
    Phone:    (425) 413-5212
    Email:    service@maplevalleyelectric.com
    Website:  maplevalleyelectric.com
    Contact:  John & Lori Roberts

  Palmer Coking Coal Company
    Address:  31407 Hwy 169, Black Diamond, WA, 98010
    Phone:    (425) 432-4700
    Email:    brett@palmercc.com
    Website:  palmercc.com
    Contact:  Brett Morris

  Plumb Fit
    Address:  25135 Summit Drive, Black Diamond, WA, 98010
    Phone:    (360) 918-2149
    Email:    jnannetti@plumbfit.com
    Website:  https://www.plumbfit.com/
    Contact:  Joe Nannetti

  The Blue Alder, LLC
    Address:  20250 SE 206th St, Maple Valley, WA, 98038
    Phone:    (425) 272-5932
    Email:    thebluealder@gmail.com
    Website:  https://www.thebluealder.com/
    Contact:  Andy Duckworth


━━━━━━━━━━━━━━━━━━━━━━━━━━━━━━━━━━━━━━━━━━━━━━━━━━━━━━━━━━━━━━━━━━━━━━━━━━━━━━━━
  DENTISTS, ORTHODONTISTS (5)
━━━━━━━━━━━━━━━━━━━━━━━━━━━━━━━━━━━━━━━━━━━━━━━━━━━━━━━━━━━━━━━━━━━━━━━━━━━━━━━━

  Black Diamond Dentistry
    Address:  31527 3rd Avenue, Black Diamond, WA, 98010
    Phone:    (360) 886-1300
    Email:    info@blackdiamonddentistry.com
    Website:  www.Blackdiamonddentistry.com
    Contact:  Michael Archuleta

  Bright Now! Dental
    Address:  24040 Southeast Kent Kangley Road, Ste E200, Maple Valley, WA, 98038
    Phone:    (425) 578-9152
    Email:    ronald.gall@smilebrands.com
    Website:  www.brightnow.com
    Contact:  Shanna Kinker

  D F Whitfield DDS PLLC
    Address:  22142 Southeast 237th Street, Suite A, Maple Valley, WA, 98038
    Phone:    (425) 432-1292
    Email:    implantswhitfield@gmail.com
    Website:  www.rudemaplevalleydentist.com
    Contact:  Douglas Whitfield

  Haeger Orthodontics
    Address:  22443 SE 240th ST, Ste 100, Maple Valley, WA, 98038
    Phone:    (425) 433-8080
    Email:    drhaeger@mybraces.net
    Website:  mybraces.net
    Contact:  Dr. Robert Haeger

  Maple Valley Modern Dentistry
    Address:  26555 Maple Valley-Black Diamond Road, Ste L100, Maple Valley, WA, 98038
    Phone:    (425) 906-9119
    Email:    maplevalleymoderndentistry@smilegeneration.com
    Website:  https://www.maplevalleymoderndentistry.com
    Contact:  Tani Palafox


━━━━━━━━━━━━━━━━━━━━━━━━━━━━━━━━━━━━━━━━━━━━━━━━━━━━━━━━━━━━━━━━━━━━━━━━━━━━━━━━
  DINING (2)
━━━━━━━━━━━━━━━━━━━━━━━━━━━━━━━━━━━━━━━━━━━━━━━━━━━━━━━━━━━━━━━━━━━━━━━━━━━━━━━━

  Kona Ice of Maple Valley
    Address:  21822 210th Avenue Southeast, Maple Valley, WA, 98038
    Phone:    (425) 900-5519
    Email:    bradshaw@kona-ice.com
    Website:  https://www.kona-ice.com/local-site/kona-ice-of-maple-valley/
    Contact:  Brandon Bradshaw

  Stems 'n Caps
    Address:  30741 3rd Avenue, Suite 153, Black Diamond, WA, 98010
    Phone:    (425) 999-0594
    Email:    nekechda@proton.me
    Website:  www.stemsncaps.com
    Contact:  Neil Dale


━━━━━━━━━━━━━━━━━━━━━━━━━━━━━━━━━━━━━━━━━━━━━━━━━━━━━━━━━━━━━━━━━━━━━━━━━━━━━━━━
  EDUCATION & CHILDCARE (3)
━━━━━━━━━━━━━━━━━━━━━━━━━━━━━━━━━━━━━━━━━━━━━━━━━━━━━━━━━━━━━━━━━━━━━━━━━━━━━━━━

  Enumclaw School District
    Address:  2929 McDougall AVE, Enumclaw, WA, 98022
    Phone:    (360) 802-7103
    Email:    shaun_carey@enumclaw.wednet.edu
    Website:  enumclaw.wednet.edu
    Contact:  Stacey Whitten

  Green River College
    Address:  12401 SE 320th ST, Auburn, WA, 98092
    Phone:    (253) 520-6261
    Email:    thornby@greenriver.edu
    Website:  greenriver.edu
    Contact:  Taryn Hornby

  Maple Valley Pediatric Therapy
    Address:  22443 SE 240th ST, Ste 206, Maple Valley, WA, 98038
    Phone:    (425) 358-3070
    Email:    christiea@mvpedtherapy.com
    Website:  mvpedtherapy.com
    Contact:  Christie Armitage


━━━━━━━━━━━━━━━━━━━━━━━━━━━━━━━━━━━━━━━━━━━━━━━━━━━━━━━━━━━━━━━━━━━━━━━━━━━━━━━━
  EVENT SERVICES (3)
━━━━━━━━━━━━━━━━━━━━━━━━━━━━━━━━━━━━━━━━━━━━━━━━━━━━━━━━━━━━━━━━━━━━━━━━━━━━━━━━

  Boom Shack Fireworks
    Address:  31109 3rd Ave, Black Diamond, WA, 98010
    Phone:    (206) 931-0351
    Email:    boomshackfireworks@gmail.com
    Website:  https://www.boomshackfireworkswa.com/
    Contact:  Thomas Cossette

  Buds & Blooms of Maple Valley
    Address:  23220 Maple Valley Black Diamond Rd SE, Ste 11, Maple Valley, WA, 98038
    Phone:    (425) 432-1229
    Email:    maplevalleybudsandblooms@gmail.com
    Website:  https://www.maplevalleybudsandblooms.com/
    Contact:  Mandee Osborne

  Party Magic
    Address:  28132 236th Ave SE, Maple Valley, WA, 98038
    Phone:    (206) 471-8692
    Email:    hello@partymagicpnw.com
    Website:  www.partymagicpnw.com
    Contact:  Jacquelyn Larson


━━━━━━━━━━━━━━━━━━━━━━━━━━━━━━━━━━━━━━━━━━━━━━━━━━━━━━━━━━━━━━━━━━━━━━━━━━━━━━━━
  EVENTS & CATERING (1)
━━━━━━━━━━━━━━━━━━━━━━━━━━━━━━━━━━━━━━━━━━━━━━━━━━━━━━━━━━━━━━━━━━━━━━━━━━━━━━━━

  Rein Fire Ranch
    Address:  27615 340th Ave SE, Ravensdale, WA, 98051
    Phone:    (360) 886-5102
    Email:    info@reinfireranch.com
    Website:  reinfireranch.com
    Contact:  Rich Kaalaas


━━━━━━━━━━━━━━━━━━━━━━━━━━━━━━━━━━━━━━━━━━━━━━━━━━━━━━━━━━━━━━━━━━━━━━━━━━━━━━━━
  FAMILY, COMMUNITY & CIVIC ORGANIZATIONS (1)
━━━━━━━━━━━━━━━━━━━━━━━━━━━━━━━━━━━━━━━━━━━━━━━━━━━━━━━━━━━━━━━━━━━━━━━━━━━━━━━━

  British Swim School of South Renton - Covington
    Address:  27245 172nd Avenue Southeast, Covington, WA, 98042
    Phone:    (253) 449-0088
    Email:    elif.mokran@britishswimschool.com
    Website:  https://britishswimschool.com/south-renton-covington/
    Contact:  Elif Mokran


━━━━━━━━━━━━━━━━━━━━━━━━━━━━━━━━━━━━━━━━━━━━━━━━━━━━━━━━━━━━━━━━━━━━━━━━━━━━━━━━
  GOVERNMENT (1)
━━━━━━━━━━━━━━━━━━━━━━━━━━━━━━━━━━━━━━━━━━━━━━━━━━━━━━━━━━━━━━━━━━━━━━━━━━━━━━━━

  Maple Valley Historical Society
    Address:  PO Box 123, Maple Valley, WA, 98038
    Phone:    (425) 432-3470
    Email:    thepavos@hotmail.com
    Website:  maplevalleyhistorical.com
    Contact:  Dick Peacock


━━━━━━━━━━━━━━━━━━━━━━━━━━━━━━━━━━━━━━━━━━━━━━━━━━━━━━━━━━━━━━━━━━━━━━━━━━━━━━━━
  GOVERNMENT, EDUCATION & INDIVIDUALS (2)
━━━━━━━━━━━━━━━━━━━━━━━━━━━━━━━━━━━━━━━━━━━━━━━━━━━━━━━━━━━━━━━━━━━━━━━━━━━━━━━━

  King County Councilmember Reagan Dunn
    Address:  District 9  -  516 Third AVE, Rm 1200, Seattle, WA, 98104
    Phone:    (206) 296-1009
    Email:    cody.eccles@kingcounty.gov
    Website:  kingcounty.gov
    Contact:  Reagan Dunn

  Tahoma School District #409
    Address:  25720 Maple Valley-Black Diamond RD SE, Maple Valley, WA, 98038
    Phone:    (425) 413-3400
    Email:    bweissro@tahomasd.us
    Website:  tahomasd.us
    Contact:  Barbara Weiss Roessler


━━━━━━━━━━━━━━━━━━━━━━━━━━━━━━━━━━━━━━━━━━━━━━━━━━━━━━━━━━━━━━━━━━━━━━━━━━━━━━━━
  HEALTH & WELLNESS (10)
━━━━━━━━━━━━━━━━━━━━━━━━━━━━━━━━━━━━━━━━━━━━━━━━━━━━━━━━━━━━━━━━━━━━━━━━━━━━━━━━

  Club Pilates Maple Valley
    Address:  23818 225TH AVE SE, SUITE 104, Maple Valley, WA, 98038
    Phone:    (425) 999-7049
    Email:    maplevalleysm@clubpilates.com
    Website:  https://www.clubpilates.com/location/maplevalley
    Contact:  Amanda Chiappini

  Dermatology Care Center
    Address:  23745 225th Way SE, Ste 205A, Maple Valley, WA, 98035
    Phone:    (425) 201-5117
    Email:    matthewrgee@yahoo.com
    Website:  www.dermatologycarecenter.com
    Contact:  Matthew R. Gee, MD

  Get Hot Yoga, LLC
    Address:  27203 216th AVE SE, #7, Maple Valley, WA, 98038
    Phone:    (425) 413-0619
    Email:    livesattvic@gmail.com
    Website:  gethotyogamv.com
    Contact:  Nicole Kuro

  Maple Valley Eye Care Center
    Address:  26615 Maple Valley Black Diamond RD SE, Maple Valley, WA, 98038
    Phone:    (425) 413-8787
    Email:    rkneal@comcast.net
    Website:  visionsource-maplevalleyeyecare.com
    Contact:  Robert Neal

  NutriOn LLC
    Address:  24314 229th Ct SE, Maple Valley, WA, 98039
    Phone:    (678) 860-4893
    Email:    jmoon@nutrionus.com
    Website:  https://nutrionus.com/
    Contact:  Jackie Moon

  Pinnacle Medical Wellness
    Address:  24060 SE Kent Kangley RD, Ste D100, Maple Valley, WA, 98038
    Phone:    (425) 413-2499
    Email:    joshualyons@pinnacle-pt.com
    Website:  pinnacle-pt.com
    Contact:  Josh Lyons

  Plastic & Reconstructive Surgeons
    Address:  23925 225th Way SE, Ste B, Maple Valley, WA, 98038
    Phone:    (425) 228-3187
    Email:    info.prs@proliancesurgeons.com
    Website:  prsurgeons.com
    Contact:  Heidi Sivertsen

  Swet Pilates Studio
    Address:  30741 3rd Avenue, Ste 110, Black Diamond, WA, 98010
    Email:    admin@swetpilatesstudio.com
    Website:  www.swetpilatesstudio.com
    Contact:  Laura Decamp

  Tahoma Athletic Club
    Address:  23836 222nd PL SE, Ste 200, Maple Valley, WA, 98038
    Phone:    (425) 433-0303
    Email:    tahomaathleticclub@comcast.net
    Website:  tahomaclub.com
    Contact:  Ruben Medrano

  Thrive Community Fitness
    Address:  27411 Maple Valley Black Diamond RD, Ste B106, Maple Valley, WA, 98038
    Phone:    (425) 432-1199
    Email:    tanyan@thrivecf.com
    Website:  thrivecommunityfitness.com
    Contact:  Tanya Neilsen


━━━━━━━━━━━━━━━━━━━━━━━━━━━━━━━━━━━━━━━━━━━━━━━━━━━━━━━━━━━━━━━━━━━━━━━━━━━━━━━━
  HOME (1)
━━━━━━━━━━━━━━━━━━━━━━━━━━━━━━━━━━━━━━━━━━━━━━━━━━━━━━━━━━━━━━━━━━━━━━━━━━━━━━━━

  Canopy Solutions LLC.
    Address:  25255 Southeast 356th Street, Auburn, WA, 98092
    Phone:    (206) 304-9659
    Email:    office@canopysolutionsllc.com
    Website:  Canopysolutionsllc.com
    Contact:  COLE STEVENS


━━━━━━━━━━━━━━━━━━━━━━━━━━━━━━━━━━━━━━━━━━━━━━━━━━━━━━━━━━━━━━━━━━━━━━━━━━━━━━━━
  HOME, GARDEN & LANDSCAPING (1)
━━━━━━━━━━━━━━━━━━━━━━━━━━━━━━━━━━━━━━━━━━━━━━━━━━━━━━━━━━━━━━━━━━━━━━━━━━━━━━━━

  Cedar County Landscaping
    Address:  25145 Summit Drive, Black Diamond, WA, 98010
    Phone:    (425) 432-5277
    Email:    office@cedarcountylandscaping.com
    Website:  www.cedarcountylandscaping.com
    Contact:  Jason Anderson


━━━━━━━━━━━━━━━━━━━━━━━━━━━━━━━━━━━━━━━━━━━━━━━━━━━━━━━━━━━━━━━━━━━━━━━━━━━━━━━━
  HOME/COMMERCIAL CLEANING SERVICES (1)
━━━━━━━━━━━━━━━━━━━━━━━━━━━━━━━━━━━━━━━━━━━━━━━━━━━━━━━━━━━━━━━━━━━━━━━━━━━━━━━━

  Tubro Carpet Cleaning
    Address:  26828 Maple Valley Black Diamond Rd SE (PMB 287), Maple Valley, WA, 98038
    Phone:    (253) 499-1028
    Email:    jonathan.mendoza@tubrocarpetcleaning.com
    Website:  https://tubrocarpetcleaning.com/
    Contact:  Jonathan Mendoza


━━━━━━━━━━━━━━━━━━━━━━━━━━━━━━━━━━━━━━━━━━━━━━━━━━━━━━━━━━━━━━━━━━━━━━━━━━━━━━━━
  INSURANCE SERVICES (6)
━━━━━━━━━━━━━━━━━━━━━━━━━━━━━━━━━━━━━━━━━━━━━━━━━━━━━━━━━━━━━━━━━━━━━━━━━━━━━━━━

  Allstate - Four Corners Insurance
    Address:  26929 Maple Valley Black Diamond Rd SE, Maple Valley, WA, 98038
    Phone:    (425) 432-1912
    Email:    fmoceri@allstate.com
    Website:  allstate.com
    Contact:  Francesca Moceri

  Allstate: Waiss Hooser Agency
    Address:  19201 108th Avenue Southeast, Suite 101, Renton, WA, 98055
    Phone:    (425) 226-1200
    Email:    khooser@allstate.com
    Website:  https://agents.allstate.com/kristi-waiss-hooser-renton-wa.html
    Contact:  Kristi Waiss Hooser

  American Family Insurance | McLaughlin & Associates, LLC
    Address:  26837 Maple Valley-Black Diamond Road, Suite 103, Maple Valley, WA, 98038
    Phone:    (425) 432-4020
    Email:    mclaughlinandassociates@amfam.com
    Website:  http://www.mclaughlinandassociatesinsurance.com/
    Contact:  Tania McLaughlin

  Beckler Insurance Agency
    Address:  23714 222nd Pl SE, Ste A, Maple Valley, WA, 98038
    Phone:    (425) 432-1246
    Email:    terry@becklerinsurance.com
    Website:  becklerinsurance.com
    Contact:  Terry Beckler

  Farmers Insurance - Margery Huff Agency
    Address:  23220 Maple Valley Black Diamond Rd SE Ste 12, Maple Valley, WA, 98038
    Phone:    (206) 592-2718
    Website:  https://agents.farmers.com/wa/mapel-valley/margery-huff
    Contact:  Margery Huff

  Ross Olive - State Farm Insurance Agent
    Address:  22035 Southeast Wax Road, Suite 12, Maple Valley, WA, 98038
    Phone:    (425) 432-2547
    Email:    ross@rossolive.net
    Website:  rossolive.net
    Contact:  Ross Olive


━━━━━━━━━━━━━━━━━━━━━━━━━━━━━━━━━━━━━━━━━━━━━━━━━━━━━━━━━━━━━━━━━━━━━━━━━━━━━━━━
  INVESTMENTS, FINANCIAL PLANNING (13)
━━━━━━━━━━━━━━━━━━━━━━━━━━━━━━━━━━━━━━━━━━━━━━━━━━━━━━━━━━━━━━━━━━━━━━━━━━━━━━━━

  Becky Conner Lending Team - Barrett Financial
    Address:  private address, Maple Valley, WA, 98038
    Phone:    (253) 797-1316
    Email:    becky@beckyconnerlendingteam.com
    Website:  https://www.beckyconnerlendingteam.com/
    Contact:  Becky Conner

  Edward Jones - Amanda Gross
    Address:  22443 Southeast 240th Street, Ste 101, Maple Valley, WA, 98038
    Phone:    4254130882
    Email:    amanda.gross@edwardjones.com
    Website:  edwardjones.com
    Contact:  Amanda Gross

  Edward Jones - Casey Schuetz
    Address:  22125 Southeast 237th Street, Ste 104, Maple Valley, WA, 98038
    Phone:    (425) 578-5400
    Email:    casey.schuetz@edwardjones.com
    Website:  www.edwardjones.com/casey-schuetz
    Contact:  Casey Schuetz

  Edward Jones - Denny Pierre
    Address:  23925 225th Way Southeast, Ste C, Maple Valley, WA, 98038
    Phone:    (425) 432-2516
    Email:    denny.pierre@edwardjones.com
    Website:  www.edwardjones.com/denny-pierre
    Contact:  Denny Pierre

  Edward Jones - Emily Pierre, Financial Advisor
    Address:  23926 225th Way SE, Ste C, Maple Valley, WA, 98038
    Phone:    (425) 432-2516
    Email:    emily.pierre@edwardjones.com
    Website:  www.edwardjones.com/emily-pierre
    Contact:  Emily Pierre

  Edward Jones - Grace Cambra
    Address:  22443 Southeast 240th Street, Ste B101, Maple Valley, WA, 98038
    Phone:    (253) 639-8584
    Email:    grace.cambra@edwardjones.com
    Website:  www.edwardjones.com/grace-cambra
    Contact:  Grace Cambra

  Edward Jones - Joey Ravotti
    Address:  26837 Maple Valley Black Diamond Road SE, Ste 102, Maple Valley, WA, 98038
    Phone:    (425) 358-7698
    Email:    joey.ravotti@edwardjones.com
    Website:  edwardjones.com/joey-ravotti
    Contact:  Joey Ravotti

  Edward Jones - John Robertson
    Address:  23745 225th Way Southeast, Ste 104, Maple Valley, WA, 98038
    Phone:    (425) 413-5096
    Email:    john.robertson@edwardjones.com
    Website:  www.edwardjones.com/john-robertson
    Contact:  John Robertson

  Edward Jones - Jon H. Roelofs
    Address:  27203 216th Avenue Southeast, Ste 2, Maple Valley, WA, 98038
    Phone:    (425) 413-5156
    Email:    jon.h.roelofs@edwardjones.com
    Website:  www.edwardjones.com/jon-h-roelofs
    Contact:  Jon H. Roelofs

  Edward Jones - Valerie Paganelli, Financial Advisor
    Address:  27510 SE Kent Kangley RD, Ravensdale, WA, 98051
    Phone:    (425) 358-7274
    Email:    valerie.paganelli@edwardjones.com
    Website:  https://www.edwardjones.com/us-en/financial-advisor/valerie-paganelli
    Contact:  Valerie Paganelli

  Edward Jones- Stephanie Hawes
    Address:  1314 8th Avenue NE, Suite 103, Auburn, WA, 98002
    Phone:    (253) 931-1895
    Email:    stephanie.hawes@edwardjones.com
    Website:  https://www.edwardjones.com/us-en/financial-advisor/stephanie-hawes
    Contact:  Serena Tyler

  Edward Jones-Brody Kunz, CFP
    Address:  22443 Southeast 240th Street, Ste 205, Maple Valley, WA, 98038
    Phone:    (425) 413-5129
    Email:    brody.kunz@edwardjones.com
    Website:  www.edwardjones.com/brody-kunz
    Contact:  Brody Kunz

  New York Life- Andrea Bongiorno Jr.
    Address:  10885 Northeast 4th Street, Bellevue, WA, 98004
    Phone:    (646) 637-8809
    Email:    abongiorno@ft.newyorklife.com


━━━━━━━━━━━━━━━━━━━━━━━━━━━━━━━━━━━━━━━━━━━━━━━━━━━━━━━━━━━━━━━━━━━━━━━━━━━━━━━━
  MARKETING & SOCIAL MEDIA (2)
━━━━━━━━━━━━━━━━━━━━━━━━━━━━━━━━━━━━━━━━━━━━━━━━━━━━━━━━━━━━━━━━━━━━━━━━━━━━━━━━

  KC SEO CONSULTING SERVICES, LLC
    Address:  26828 Maple Valley Highway, Ste 265, Maple Valley, WA, 98038
    Phone:    (408) 658-0892
    Email:    info@kcseoconsultingservices.com
    Website:  www.kcseoconsultingservices.com
    Contact:  Karin Cederskoog

  Pivvot Branding
    Phone:    (425) 954-7217
    Email:    jessica@pivvotbranding.com
    Website:  pivvotbranding.com
    Contact:  Jessica Clements


━━━━━━━━━━━━━━━━━━━━━━━━━━━━━━━━━━━━━━━━━━━━━━━━━━━━━━━━━━━━━━━━━━━━━━━━━━━━━━━━
  MEDICAL SUPPLIES & SURGICAL SERVICES (1)
━━━━━━━━━━━━━━━━━━━━━━━━━━━━━━━━━━━━━━━━━━━━━━━━━━━━━━━━━━━━━━━━━━━━━━━━━━━━━━━━

  UW Medicine | Valley Medical Center
    Address:  PO Box 50010, Renton, WA, 98058
    Phone:    (425) 656-4100
    Email:    liz_nolan@valleymed.org
    Website:  valleymed.org
    Contact:  Liz Nolan


━━━━━━━━━━━━━━━━━━━━━━━━━━━━━━━━━━━━━━━━━━━━━━━━━━━━━━━━━━━━━━━━━━━━━━━━━━━━━━━━
  MEDICAL SUPPORT (3)
━━━━━━━━━━━━━━━━━━━━━━━━━━━━━━━━━━━━━━━━━━━━━━━━━━━━━━━━━━━━━━━━━━━━━━━━━━━━━━━━

  Maple Valley Acupuncture
    Address:  23745 225th Way SE, Maple Valley, WA, 98038
    Phone:    (425) 413-3801
    Email:    hello@maplevalleyacupuncture.com
    Website:  https://www.maplevalleyacupuncture.com
    Contact:  Tracey Steger

  Physical Therapy for EveryBODY Inc
    Address:  23745 225th Way SE, Ste 215, Maple Valley, WA, 98038
    Phone:    (425) 658-4944
    Email:    dramy@pt4eb.com
    Website:  physicaltherapyforeverybody.com
    Contact:  Dr. Amy Konvalin

  Visiting Angels
    Address:  23745 225th Way SE, Suite 203B, Maple Valley, WA, 98038
    Phone:    (425) 441-8133
    Email:    nhoult@visitingangels.com
    Website:  https://www.visitingangels.com/
    Contact:  Nancy Hoult


━━━━━━━━━━━━━━━━━━━━━━━━━━━━━━━━━━━━━━━━━━━━━━━━━━━━━━━━━━━━━━━━━━━━━━━━━━━━━━━━
  NON-PROFIT PARTNERS (1)
━━━━━━━━━━━━━━━━━━━━━━━━━━━━━━━━━━━━━━━━━━━━━━━━━━━━━━━━━━━━━━━━━━━━━━━━━━━━━━━━

  Bicycle Rescue For Youth
    Address:  26823 312th Avenue SE, Ravensdale, WA, 98051
    Phone:    (206) 369-8230
    Email:    bradb@bicyclerescueforyouth.org
    Website:  www.bicyclerescueforyouth.org
    Contact:  Brad Belcher


━━━━━━━━━━━━━━━━━━━━━━━━━━━━━━━━━━━━━━━━━━━━━━━━━━━━━━━━━━━━━━━━━━━━━━━━━━━━━━━━
  PARKS & LAKES (1)
━━━━━━━━━━━━━━━━━━━━━━━━━━━━━━━━━━━━━━━━━━━━━━━━━━━━━━━━━━━━━━━━━━━━━━━━━━━━━━━━

  Thomasson Family Farm
    Address:  38223 236th Ave SE, Enumclaw, WA, 98022
    Phone:    (360) 802-0503
    Email:    contactus@thomassonfamilyfarm.com
    Website:  https://www/thomassonfarm.com/
    Contact:  Tia Hellman


━━━━━━━━━━━━━━━━━━━━━━━━━━━━━━━━━━━━━━━━━━━━━━━━━━━━━━━━━━━━━━━━━━━━━━━━━━━━━━━━
  PERSONAL SERVICES & CARE (1)
━━━━━━━━━━━━━━━━━━━━━━━━━━━━━━━━━━━━━━━━━━━━━━━━━━━━━━━━━━━━━━━━━━━━━━━━━━━━━━━━

  Weatherly Inn
    Address:  15101 Southeast 272nd Street, Kent, WA, 98042
    Phone:    (253) 630-7496
    Email:    hannah@weatherlyinn.com
    Website:  https://www.weatherlyinn.com/
    Contact:  Hannah Lambert


━━━━━━━━━━━━━━━━━━━━━━━━━━━━━━━━━━━━━━━━━━━━━━━━━━━━━━━━━━━━━━━━━━━━━━━━━━━━━━━━
  PEST CONTROL (1)
━━━━━━━━━━━━━━━━━━━━━━━━━━━━━━━━━━━━━━━━━━━━━━━━━━━━━━━━━━━━━━━━━━━━━━━━━━━━━━━━

  Green City Pest Control
    Address:  PO Box 58983, Renton, WA, 98058
    Phone:    (425) 413-9700
    Email:    scott@greencitypestcontrol.com
    Website:  greencitypestcontrol.com
    Contact:  Scott Dideon


━━━━━━━━━━━━━━━━━━━━━━━━━━━━━━━━━━━━━━━━━━━━━━━━━━━━━━━━━━━━━━━━━━━━━━━━━━━━━━━━
  PHOTOGRAPHY & VIDEO (2)
━━━━━━━━━━━━━━━━━━━━━━━━━━━━━━━━━━━━━━━━━━━━━━━━━━━━━━━━━━━━━━━━━━━━━━━━━━━━━━━━

  Chizen Creative Studio, LLC
    Address:  22039 Southeast 244th Place, Maple Valley, WA, 98038
    Phone:    (206) 429-5199
    Email:    chizencreative@gmail.com
    Website:  https://www.chizencreative.com
    Contact:  Adam Chizen

  Genuine Studio & Co.
    Address:  19842 196th Ave SE, Renton, WA, 98058
    Phone:    (425) 432-0205
    Email:    studio@genuinestudio.com
    Website:  https://www.genuinestudio.com
    Contact:  Brian Williams


━━━━━━━━━━━━━━━━━━━━━━━━━━━━━━━━━━━━━━━━━━━━━━━━━━━━━━━━━━━━━━━━━━━━━━━━━━━━━━━━
  PLAY (1)
━━━━━━━━━━━━━━━━━━━━━━━━━━━━━━━━━━━━━━━━━━━━━━━━━━━━━━━━━━━━━━━━━━━━━━━━━━━━━━━━

  Land of the Living RC World
    Address:  31509 3rd Avenue, Black Diamond, WA, 98010
    Phone:    (360) 886-5286
    Email:    contact@landofthelivingrcworld.com
    Website:  landofthelivingrcworld.com
    Contact:  Bekka Carrillo


━━━━━━━━━━━━━━━━━━━━━━━━━━━━━━━━━━━━━━━━━━━━━━━━━━━━━━━━━━━━━━━━━━━━━━━━━━━━━━━━
  PLUMBING (1)
━━━━━━━━━━━━━━━━━━━━━━━━━━━━━━━━━━━━━━━━━━━━━━━━━━━━━━━━━━━━━━━━━━━━━━━━━━━━━━━━

  Maple Valley Plumbing & Pipe Works, Inc.
    Address:  PO Box 903, Ravensdale, WA, 98051
    Phone:    (425) 432-2037
    Email:    dave@maplevalleyplumbing.com
    Website:  maplevalleyplumbing.com
    Contact:  David & Erin Sipila


━━━━━━━━━━━━━━━━━━━━━━━━━━━━━━━━━━━━━━━━━━━━━━━━━━━━━━━━━━━━━━━━━━━━━━━━━━━━━━━━
  PRINTING, COPY SERVICES (2)
━━━━━━━━━━━━━━━━━━━━━━━━━━━━━━━━━━━━━━━━━━━━━━━━━━━━━━━━━━━━━━━━━━━━━━━━━━━━━━━━

  Enumclaw Stationers Office & Printing
    Address:  1708 Cole Street, Enumclaw, WA, 98022
    Phone:    (360) 825-5529
    Email:    tonyhancuff@enumclawstationers.com
    Website:  www.enumclawstationers.com
    Contact:  Tony Hancuff

  Maple Valley Signs
    Address:  23220 Maple Valley Black Diamond RD SE, Maple Valley, WA, 98038
    Phone:    (425) 413-1430
    Email:    info@maplevalleysigns.com
    Website:  maplevalleysigns.com
    Contact:  Amy Kuipers


━━━━━━━━━━━━━━━━━━━━━━━━━━━━━━━━━━━━━━━━━━━━━━━━━━━━━━━━━━━━━━━━━━━━━━━━━━━━━━━━
  PROFESSIONAL COACHING AND SUPPORT (3)
━━━━━━━━━━━━━━━━━━━━━━━━━━━━━━━━━━━━━━━━━━━━━━━━━━━━━━━━━━━━━━━━━━━━━━━━━━━━━━━━

  Herringbone Strategies
    Phone:    (253) 320-5720
    Email:    info@herringbonestrategies.com
    Website:  herringbonestrategies.com
    Contact:  Alec Garcia

  Lifeline Coaching & Consultants LLC
    Address:  27428 243rd Place Southeast, Maple Valley, WA, 98038
    Phone:    (253) 234-7520
    Email:    edward.desano@lifelinenwcc.com
    Website:  www.lifelinenwcc.com
    Contact:  Edward Desano

  Trillium Employment Services
    Address:  201 Auburn Way N, #B, Auburn, WA, 98002
    Phone:    (253) 735-1553
    Email:    casey@trillium.org
    Website:  trillium.org
    Contact:  Casey Serquinia


━━━━━━━━━━━━━━━━━━━━━━━━━━━━━━━━━━━━━━━━━━━━━━━━━━━━━━━━━━━━━━━━━━━━━━━━━━━━━━━━
  PROFESSIONAL SERVICES (2)
━━━━━━━━━━━━━━━━━━━━━━━━━━━━━━━━━━━━━━━━━━━━━━━━━━━━━━━━━━━━━━━━━━━━━━━━━━━━━━━━

  AXIOS Wellness
    Address:  Private Address, Covington, WA, 98038
    Phone:    4259069012
    Email:    ed@axioswellness.com
    Website:  https://axioswellness.com
    Contact:  Ed Holmes

  Soos Creek Productions
    Address:  15856 Southeast 287th Street, Kent, WA, 98042
    Phone:    (425) 516-1136
    Email:    jake@sooscreek.productions
    Contact:  Jake McKnight


━━━━━━━━━━━━━━━━━━━━━━━━━━━━━━━━━━━━━━━━━━━━━━━━━━━━━━━━━━━━━━━━━━━━━━━━━━━━━━━━
  PROMOTIONAL PRODUCTS (1)
━━━━━━━━━━━━━━━━━━━━━━━━━━━━━━━━━━━━━━━━━━━━━━━━━━━━━━━━━━━━━━━━━━━━━━━━━━━━━━━━

  The Renton Printery, Inc.
    Address:  315 South 3rd ST, Renton, WA, 98057
    Phone:    (425) 235-1776
    Email:    info@rentonprintery.com
    Website:  rentonprintery.com
    Contact:  Myrol (Pat) Sweeney


━━━━━━━━━━━━━━━━━━━━━━━━━━━━━━━━━━━━━━━━━━━━━━━━━━━━━━━━━━━━━━━━━━━━━━━━━━━━━━━━
  PROPERTY DEVELOPMENT, MANAGEMENT (2)
━━━━━━━━━━━━━━━━━━━━━━━━━━━━━━━━━━━━━━━━━━━━━━━━━━━━━━━━━━━━━━━━━━━━━━━━━━━━━━━━

  Cedar River Water & Sewer District
    Address:  18421 SE Petrovitsky RD, Renton, WA, 98058
    Phone:    (425) 255-6370
    Email:    finance@crwsd.com
    Website:  crwsd.com
    Contact:  Mike Amburgey

  Ten Trails
    Address:  32607 Willow Ave SE, Black Diamond, WA, 98010
    Phone:    (360) 469-4043
    Email:    jbolen@tentrails.com
    Website:  tentrails.com
    Contact:  Joell Bolen


━━━━━━━━━━━━━━━━━━━━━━━━━━━━━━━━━━━━━━━━━━━━━━━━━━━━━━━━━━━━━━━━━━━━━━━━━━━━━━━━
  REAL ESTATE SERVICES (7)
━━━━━━━━━━━━━━━━━━━━━━━━━━━━━━━━━━━━━━━━━━━━━━━━━━━━━━━━━━━━━━━━━━━━━━━━━━━━━━━━

  Bradley Hanson Group - John L. Scott
    Address:  26837 Maple Valley-Black Diamond Road, Maple Valley, WA, 98038
    Phone:    (425) 577-3739
    Email:    bradley@bradleyhansongroup.com
    Website:  https://bradleyhanson.johnlscott.com/home

  Courtney Thomas, Realtor, Keller Williams Mountains to Sound
    Address:  15215 SE 272nd St Suite 202, Kent, WA, 98042
    Phone:    (425) 281-0331
    Email:    cm.thomas05@gmail.com
    Website:  https://courtneythomasre.kw.com
    Contact:  Courtney Thomas

  Dawn Cruff - Broker - Amber Bills Real Estate Group
    Address:  28146 241st Ave SE, Maple Valley, WA, 98038
    Phone:    (701) 361-7522
    Email:    dawn@amberbills.com
    Website:  https://amberbills.com/dawn-cruff/
    Contact:  Dawn Cruff

  Perkins & Associates - John L. Scott
    Address:  20829 72nd Ave S #800, Kent, WA, 98032
    Phone:    (206) 960-4985
    Email:    joe@perkinsnwre.com
    Website:  https://perkinsnwre.com
    Contact:  Joe Perkins

  Seattle-King Co. Association of Realtors
    Address:  29839 154th AVE SE, Kent, WA, 98042
    Phone:    (253) 630-5541
    Email:    sam@sampace.com
    Website:  nwrealtor.com
    Contact:  Sam Pace

  The Amber Bills Real Estate Group
    Address:  21065 SE 261st ST, Maple Valley, WA, 98038
    Phone:    (425) 281-0373
    Email:    amber@amberbills.com
    Website:  amberbills.com
    Contact:  Amber Bills

  The Tamara Paul Group - RE/MAX Northwest
    Address:  33012 200th Ct SE, Auburn, WA, 98092
    Phone:    (206) 226-5869
    Email:    tamara@thetamarapaulgroup.com
    Website:  http://thetamarapaulgroup.com
    Contact:  Tamara Paul


━━━━━━━━━━━━━━━━━━━━━━━━━━━━━━━━━━━━━━━━━━━━━━━━━━━━━━━━━━━━━━━━━━━━━━━━━━━━━━━━
  RESTAURANTS, FOOD & BEVERAGES (10)
━━━━━━━━━━━━━━━━━━━━━━━━━━━━━━━━━━━━━━━━━━━━━━━━━━━━━━━━━━━━━━━━━━━━━━━━━━━━━━━━

  Bees in the 'Burbs
    Address:  28634 Maple Valley Black Diamond Road SE, Maple Valley, WA, 98038
    Phone:    (425) 524-5396
    Email:    store@beesinthe-burbs.com
    Website:  beesinthe-burbs.com
    Contact:  Natalie Crawford

  Cascadia Pizza Co.
    Address:  22607 SE 216th Way SE, Maple Valley, WA, 98038
    Phone:    (253) 350-9370
    Email:    thomas@cascadiapizzaco.com
    Website:  www.cascadiapizzaco.com
    Contact:  Thomas Reinhard

  Crocketts Public House
    Address:  26300 238th Avenue SE, Maple Valley, WA, 98038
    Phone:    (425) 358-7214
    Email:    shaun@crockettsrestaurantgroup.com
    Website:  crockettspublichouse.com
    Contact:  Shaun Brobak

  Imbibe Bottle House & Taproom
    Address:  23330 Maple Valley Black Diamond RD SE, Ste A, Maple Valley, WA, 98038
    Phone:    (425) 433-6972
    Email:    ryan@imbibebeer.com
    Website:  imbibebeer.com
    Contact:  Ryan Severson

  McDonald's - Four Corners
    Address:  26924 Maple Valley Hwy, Maple Valley, WA, 98038
    Phone:    (425) 413-7031
    Email:    casal1976@me.com
    Website:  mcdonalds.com
    Contact:  Alan Finkelstein

  Our Hive Juicery
    Address:  31231 3rd Avenue, Unit 300, Black Diamond, WA, 98010
    Email:    ourhivejuicery@gmail.com
    Contact:  Aaron Parr

  Panera Bread
    Address:  26535 Maple Valley-Black Diamond Road, Maple Valley, WA, 98038
    Phone:    (206) 473-0606
    Email:    tpickle@flynn.com
    Website:  www.panerabread.com
    Contact:  Tonya Pickle

  Pla Mor Bar & Grill, Inc.
    Address:  21607 SE 272nd St, Maple Valley, WA, 98038
    Phone:    (425) 432-6858
    Email:    dixiegunter@comcast.net
    Website:  on Facebook
    Contact:  Dixie Gunter (Mgr)

  Shawn's Quality Meats & Smokehouse
    Address:  23220 Maple Valley HWY SE, Ste 10, Maple Valley, WA, 98038
    Phone:    (425) 433-6389
    Email:    shawnsqualitymeats@comcast.net
    Website:  shawnsqualitymeats.com
    Contact:  Shawn Beresford

  Sumo Sushi
    Address:  23745 225th Way SE, Ste 101, Maple Valley, WA, 98038
    Phone:    (425) 584-7034
    Email:    rjfoodvilleinc@gmail.com
    Website:  sumosushiwa.com
    Contact:  Ray Seung Lee


━━━━━━━━━━━━━━━━━━━━━━━━━━━━━━━━━━━━━━━━━━━━━━━━━━━━━━━━━━━━━━━━━━━━━━━━━━━━━━━━
  RETAIL (1)
━━━━━━━━━━━━━━━━━━━━━━━━━━━━━━━━━━━━━━━━━━━━━━━━━━━━━━━━━━━━━━━━━━━━━━━━━━━━━━━━

  Fred Meyer
    Address:  26520 Maple Valley Black Diamond Road. SE, Maple Valley, WA, 98038
    Phone:    (425) 433-2300
    Email:    tim.viguerie@stores.fredmeyer.com
    Contact:  Tim Viguerie


━━━━━━━━━━━━━━━━━━━━━━━━━━━━━━━━━━━━━━━━━━━━━━━━━━━━━━━━━━━━━━━━━━━━━━━━━━━━━━━━
  SENIOR SERVICES (1)
━━━━━━━━━━━━━━━━━━━━━━━━━━━━━━━━━━━━━━━━━━━━━━━━━━━━━━━━━━━━━━━━━━━━━━━━━━━━━━━━

  Merrill Gardens- Renton Centre
    Address:  104 Burnett Avenue South, #104, Renton, WA, 98057
    Phone:    (425) 235-6400
    Email:    debbiet@merrillgardens.com
    Website:  merrillgardens.com
    Contact:  Debbie Tobin


━━━━━━━━━━━━━━━━━━━━━━━━━━━━━━━━━━━━━━━━━━━━━━━━━━━━━━━━━━━━━━━━━━━━━━━━━━━━━━━━
  SOCIAL SERVICES (1)
━━━━━━━━━━━━━━━━━━━━━━━━━━━━━━━━━━━━━━━━━━━━━━━━━━━━━━━━━━━━━━━━━━━━━━━━━━━━━━━━

  Backpack Buddies of Maple Valley
    Address:  20920 253rd Ave SE, Maple Valley, WA, 98038
    Phone:    (206) 714-4734
    Email:    backpackbuddiesmv@gmail.com
    Website:  https://backpackbuddiesofmaplevalley.org/
    Contact:  Mindy Gamble


━━━━━━━━━━━━━━━━━━━━━━━━━━━━━━━━━━━━━━━━━━━━━━━━━━━━━━━━━━━━━━━━━━━━━━━━━━━━━━━━
  SPIRITS (1)
━━━━━━━━━━━━━━━━━━━━━━━━━━━━━━━━━━━━━━━━━━━━━━━━━━━━━━━━━━━━━━━━━━━━━━━━━━━━━━━━

  DaVine Whiskey & Wine Bar
    Address:  23836 22nd PL SE, #106, Maple Valley, WA, 98038
    Phone:    (425) 433-8610
    Email:    davinemv@gmail.com
    Website:  davinebar.com
    Contact:  Corey Mason


━━━━━━━━━━━━━━━━━━━━━━━━━━━━━━━━━━━━━━━━━━━━━━━━━━━━━━━━━━━━━━━━━━━━━━━━━━━━━━━━
  SPORTS & RECREATION (1)
━━━━━━━━━━━━━━━━━━━━━━━━━━━━━━━━━━━━━━━━━━━━━━━━━━━━━━━━━━━━━━━━━━━━━━━━━━━━━━━━

  Bigfoot FC
    Address:  21327 Renton Maple Valley Road, Maple Valley, WA, 98038
    Phone:    (253) 218-5022
    Email:    shawn@westcoastgoalkeeping.com
    Website:  https://bigfootfootball.com/
    Contact:  Shawn Norris


━━━━━━━━━━━━━━━━━━━━━━━━━━━━━━━━━━━━━━━━━━━━━━━━━━━━━━━━━━━━━━━━━━━━━━━━━━━━━━━━
  STORAGE (2)
━━━━━━━━━━━━━━━━━━━━━━━━━━━━━━━━━━━━━━━━━━━━━━━━━━━━━━━━━━━━━━━━━━━━━━━━━━━━━━━━

  FreeUp Storage Black Diamond
    Address:  30460 3rd Avenue, Black Diamond, WA, 98010
    Phone:    (360) 886-5880
    Email:    blackdiamond@freeupstorage.com
    Website:  #N/A
    Contact:  Cristine Gunderson

  Public Storage of Maple Valley - Kossert Enterprise
    Address:  22013 SE Wax RD, Maple Valley, WA, 98038
    Phone:    (425) 413-1057
    Email:    jimmy@jimmykossert.com
    Website:  publicstorage.com
    Contact:  Jimmy Kossert


━━━━━━━━━━━━━━━━━━━━━━━━━━━━━━━━━━━━━━━━━━━━━━━━━━━━━━━━━━━━━━━━━━━━━━━━━━━━━━━━
  TRAVEL AGENCY (1)
━━━━━━━━━━━━━━━━━━━━━━━━━━━━━━━━━━━━━━━━━━━━━━━━━━━━━━━━━━━━━━━━━━━━━━━━━━━━━━━━

  Katrina Plans LLC
    Address:  32606 224th Place Southeast, Black Diamond, WA, 98010
    Phone:    (541) 892-2041
    Email:    katrina@katrinaplans.com
    Website:  https://www.katrinaplans.com
    Contact:  Katrina Harlan


━━━━━━━━━━━━━━━━━━━━━━━━━━━━━━━━━━━━━━━━━━━━━━━━━━━━━━━━━━━━━━━━━━━━━━━━━━━━━━━━
  VETERINARIANS & PET SERVICES (2)
━━━━━━━━━━━━━━━━━━━━━━━━━━━━━━━━━━━━━━━━━━━━━━━━━━━━━━━━━━━━━━━━━━━━━━━━━━━━━━━━

  Pine Tree Veterinary Hospital
    Address:  27539 Maple Valley Black Diamond RD SE, Ste D102, Maple Valley, WA, 98038
    Phone:    (425) 432-2222
    Email:    pinetreehospital@gmail.com
    Website:  pinetreeveterinaryhospital.com
    Contact:  Bridget Ferguson

  Wilderness Animal Hospital
    Address:  23714 222nd PL SE, Ste L, Maple Valley, WA, 98038
    Phone:    (425) 432-9975
    Email:    cfrancis@lakefieldvet.com
    Website:  wildernessvet.com
    Contact:  Carol Francis


━━━━━━━━━━━━━━━━━━━━━━━━━━━━━━━━━━━━━━━━━━━━━━━━━━━━━━━━━━━━━━━━━━━━━━━━━━━━━━━━
  WINERY (1)
━━━━━━━━━━━━━━━━━━━━━━━━━━━━━━━━━━━━━━━━━━━━━━━━━━━━━━━━━━━━━━━━━━━━━━━━━━━━━━━━

  UVA Furem Winery
    Address:  20011 Renton-Maple Valley Hwy., Maple Valley, WA, 98038
    Phone:    (206) 755-4003
    Email:    jens@uvafurem.com
    Website:  www.uvafurem.com
    Contact:  Jens Hansen


━━━━━━━━━━━━━━━━━━━━━━━━━━━━━━━━━━━━━━━━━━━━━━━━━━━━━━━━━━━━━━━━━━━━━━━━━━━━━━━━
  OTHER (22)
━━━━━━━━━━━━━━━━━━━━━━━━━━━━━━━━━━━━━━━━━━━━━━━━━━━━━━━━━━━━━━━━━━━━━━━━━━━━━━━━

  Above It All Travel
    Address:  27177 185th Avenue Southeast, Suite 111-279, Covington, WA, 98042
    Phone:    (253) 200-9788
    Email:    kgrider@dreamvacations.com
    Website:  AboveItAllTravel.com
    Contact:  Katrina Grider

  Fairwood CPA Services, PLLC
    Address:  14410 SE Petrovitsky RD, Ste 207, Renton, WA, 98058
    Phone:    (425) 228-1040
    Email:    sylvia@fairwoodcpas.com
    Website:  fairwoodcpas.com
    Contact:  Sylvia Parker

  Fantastic Treats and Decor LLC
    Address:  25418 Kanasket Drive, Black Diamond, WA, 98010
    Phone:    (206) 888-7279
    Email:    fantastictreatsandecor@gmail.com
    Website:  https://fantastic-treats.square.site
    Contact:  Antoinette Fox

  Flynn Development, Inc
    Address:  22301 SE 236th PL, Maple Valley, WA, 98038
    Phone:    (425) 432-9700
    Email:    flynn@vircom.net
    Website:  on Facebook
    Contact:  Jim Flynn

  Lake Wilderness Preservation Association
    Address:  P.O. Box 183, Maple Valley, WA, 98038
    Phone:    (719) 749-8280
    Email:    lake.wilderness.preservation@gmail.com
    Website:  https://sites.google.com/view/abetterlake
    Contact:  Sharon Fergot

  Maple Valley Black Diamond Chamber of Commerce
    Address:  23745 225th Ave SE, Suite 205, Maple Valley, WA, 98038
    Phone:    (425) 432-0222 ext. 101
    Email:    ceo@maplevalleychamber.org
    Contact:  Alyssa Saas

  Maple Valley Rotary
    Address:  PO Box 1102, Maple Valley, WA, 98038
    Phone:    (425) 835-2405
    Email:    info@maplevalleyrotary.org
    Website:  maplevalleyrotary.org
    Contact:  Cindy Holm

  Marquee Apartments
    Address:  22632 Southeast 240th Street, Maple Valley, WA, 98038
    Phone:    (425) 584-7782
    Email:    manager@marqueeapartments.com
    Website:  http://www.marqueeapartments.com
    Contact:  Leah Sullivan

  Pacific Outdoor Products, Inc.
    Address:  22415 SE 231st St, Ste A101, MAPLE VALLEY, WA, 98038
    Phone:    (425) 432-6000
    Email:    sales@pacificoutdoor.com
    Website:  www.pacificoutdoor.com
    Contact:  Shelley Emmons

  Pacific Water Restoration LLC
    Address:  27962 251st Avenue Southeast, Maple Valley, WA, 98038
    Phone:    2535693381
    Email:    office@pacificwaterrestoration.com
    Website:  https://pacificwaterrestoration.com/
    Contact:  Mark Ilyin

  Pooja Anoop LLC
    Address:  22643 SE 275th Place, Maple Valley, WA, 98038
    Phone:    (702) 701-0403
    Email:    pooja@pooja-anoop.com
    Website:  https://pooja-anoop.com
    Contact:  Pooja Bhandarkar

  Puget Sound Energy
    Address:  6905 South 228th ST, Kent, WA, 98032
    Phone:    (425) 457-5546
    Email:    julien.loh@pse.com
    Website:  PSE.com
    Contact:  Julien Loh

  Robinson Family Chiropractic
    Address:  26832 Maple Valley Black Diamond RD, Maple Valley, WA, 98038
    Phone:    (425) 433-6583
    Email:    robinsonfamilychiro@gmail.com
    Website:  robinsonfamilychiropractic.com
    Contact:  Dr. Duggan Robinson

  STEAMboat Studio
    Address:  23330 Maple Valley Black Diamond RD SE, Ste D, Maple Valley, WA, 98038
    Phone:    (206) 494-3354
    Email:    kathy@steamboatstudio.com
    Website:  steamboatstudio.com
    Contact:  Kathy Gendreau

  Tahogreen Eco Guardians
    Address:  26829 227th Place Southeast, Maple Valley, WA, 98038
    Phone:    (425) 785-3289
    Email:    info@plantalifewithgreenbook.org
    Website:  https://plantalifewithgreenbook.org/
    Contact:  Sasikumar Vishal

  Tahoma Education Association
    Address:  PO Box 184, Maple Valley, WA, 98038
    Phone:    (253) 740-1321
    Email:    cnordell@tahomasd.us
    Website:  tahomaea.org
    Contact:  Callie Nordell

  The Dawn Rushton Group
    Address:  23266 SE Daybreak Place, Maple Valley, WA, 98038
    Phone:    (206) 718-3296
    Email:    dawn@dawnrushton.com
    Website:  www.dawnrushton.com
    Contact:  Dawn Rushton

  The Learning Experience
    Address:  26424 242nd Ave SE, Maple Valley, WA, 98038
    Phone:    (425) 465-4198
    Email:    tlemaplevalley@gmail.com
    Website:  https://thelearningexperience.com/center/maple-valley/?
    Contact:  Amani Gomez

  The Village at Ten Trails - Thrive Communities
    Address:  22870 SE Fir Street, Black Diamond, WA, 98010
    Phone:    (360) 851-1036
    Email:    thevillage@thrivecommunities.com
    Website:  https://www.villageattentrails.com
    Contact:  Nakita Adolphson

  Tractor Man Tim, LLC
    Address:  27756 215th Place SE, Maple Valley, WA, 98038
    Phone:    (206) 454-0556
    Email:    timjhenry86@gmail.com
    Contact:  Tim Henry

  Voice in the Valley Music Studio
    Address:  23312 Maple Valley Black Diamond Rd SE, Suite F, Maple Valley, WA, 98038
    Phone:    (425) 433-8262
    Email:    info@voiceinthevalley.com
    Website:  https://voiceinthevalley.com/
    Contact:  Jessi Jumper

  Wilderness Village Apartments
    Address:  22435 SE 240th ST, Maple Valley, WA, 98038
    Phone:    (425) 432-3333
    Email:    leasing@wildernessvillageapts.com
    Website:  wildernessvillageapts.com
    Contact:  Kiaya Sullivan

